ISO-10303-21;
HEADER;
/* Generated by software containing ST-Developer
 * from STEP Tools, Inc. (www.steptools.com) 
 */

FILE_DESCRIPTION(
/* description */ ('zoo.dev export'),
/* implementation_level */ '2;1');

FILE_NAME(
/* name */ 'kavix32.step',
/* time_stamp */ '2026-08-17T18:02:43+02:00',
/* author */ (''),
/* organization */ (''),
/* preprocessor_version */ 'ST-DEVELOPER v20.1',
/* originating_system */ 'Autodesk Translation Framework v15.8.0.0',
/* authorisation */ '');

FILE_SCHEMA (('AUTOMOTIVE_DESIGN { 1 0 10303 214 3 1 1 }'));
ENDSEC;

DATA;
#10=MECHANICAL_DESIGN_GEOMETRIC_PRESENTATION_REPRESENTATION('',(#107,#108,
#109,#110,#111,#112,#113,#114),#2571);
#11=ITEM_DEFINED_TRANSFORMATION($,$,#1597,#1706);
#12=ITEM_DEFINED_TRANSFORMATION($,$,#1609,#1707);
#13=ITEM_DEFINED_TRANSFORMATION($,$,#1621,#1708);
#14=ITEM_DEFINED_TRANSFORMATION($,$,#1633,#1709);
#15=ITEM_DEFINED_TRANSFORMATION($,$,#1640,#1710);
#16=ITEM_DEFINED_TRANSFORMATION($,$,#1679,#1711);
#17=ITEM_DEFINED_TRANSFORMATION($,$,#1686,#1712);
#18=ITEM_DEFINED_TRANSFORMATION($,$,#1687,#1713);
#19=ITEM_DEFINED_TRANSFORMATION($,$,#1694,#1714);
#20=ITEM_DEFINED_TRANSFORMATION($,$,#1695,#1715);
#21=ITEM_DEFINED_TRANSFORMATION($,$,#1702,#1716);
#22=ITEM_DEFINED_TRANSFORMATION($,$,#1703,#1717);
#23=ITEM_DEFINED_TRANSFORMATION($,$,#1704,#1718);
#24=ITEM_DEFINED_TRANSFORMATION($,$,#1705,#1719);
#25=(
REPRESENTATION_RELATIONSHIP($,$,#2621,#2620)
REPRESENTATION_RELATIONSHIP_WITH_TRANSFORMATION(#11)
SHAPE_REPRESENTATION_RELATIONSHIP()
);
#26=(
REPRESENTATION_RELATIONSHIP($,$,#2622,#2620)
REPRESENTATION_RELATIONSHIP_WITH_TRANSFORMATION(#12)
SHAPE_REPRESENTATION_RELATIONSHIP()
);
#27=(
REPRESENTATION_RELATIONSHIP($,$,#2623,#2620)
REPRESENTATION_RELATIONSHIP_WITH_TRANSFORMATION(#13)
SHAPE_REPRESENTATION_RELATIONSHIP()
);
#28=(
REPRESENTATION_RELATIONSHIP($,$,#2624,#2620)
REPRESENTATION_RELATIONSHIP_WITH_TRANSFORMATION(#14)
SHAPE_REPRESENTATION_RELATIONSHIP()
);
#29=(
REPRESENTATION_RELATIONSHIP($,$,#2625,#2620)
REPRESENTATION_RELATIONSHIP_WITH_TRANSFORMATION(#15)
SHAPE_REPRESENTATION_RELATIONSHIP()
);
#30=(
REPRESENTATION_RELATIONSHIP($,$,#2626,#2620)
REPRESENTATION_RELATIONSHIP_WITH_TRANSFORMATION(#16)
SHAPE_REPRESENTATION_RELATIONSHIP()
);
#31=(
REPRESENTATION_RELATIONSHIP($,$,#2627,#2620)
REPRESENTATION_RELATIONSHIP_WITH_TRANSFORMATION(#17)
SHAPE_REPRESENTATION_RELATIONSHIP()
);
#32=(
REPRESENTATION_RELATIONSHIP($,$,#2628,#2620)
REPRESENTATION_RELATIONSHIP_WITH_TRANSFORMATION(#18)
SHAPE_REPRESENTATION_RELATIONSHIP()
);
#33=(
REPRESENTATION_RELATIONSHIP($,$,#2629,#2620)
REPRESENTATION_RELATIONSHIP_WITH_TRANSFORMATION(#19)
SHAPE_REPRESENTATION_RELATIONSHIP()
);
#34=(
REPRESENTATION_RELATIONSHIP($,$,#2630,#2620)
REPRESENTATION_RELATIONSHIP_WITH_TRANSFORMATION(#20)
SHAPE_REPRESENTATION_RELATIONSHIP()
);
#35=(
REPRESENTATION_RELATIONSHIP($,$,#2631,#2620)
REPRESENTATION_RELATIONSHIP_WITH_TRANSFORMATION(#21)
SHAPE_REPRESENTATION_RELATIONSHIP()
);
#36=(
REPRESENTATION_RELATIONSHIP($,$,#2632,#2620)
REPRESENTATION_RELATIONSHIP_WITH_TRANSFORMATION(#22)
SHAPE_REPRESENTATION_RELATIONSHIP()
);
#37=(
REPRESENTATION_RELATIONSHIP($,$,#2633,#2620)
REPRESENTATION_RELATIONSHIP_WITH_TRANSFORMATION(#23)
SHAPE_REPRESENTATION_RELATIONSHIP()
);
#38=(
REPRESENTATION_RELATIONSHIP($,$,#2634,#2620)
REPRESENTATION_RELATIONSHIP_WITH_TRANSFORMATION(#24)
SHAPE_REPRESENTATION_RELATIONSHIP()
);
#39=CONTEXT_DEPENDENT_SHAPE_REPRESENTATION(#25,#2606);
#40=CONTEXT_DEPENDENT_SHAPE_REPRESENTATION(#26,#2607);
#41=CONTEXT_DEPENDENT_SHAPE_REPRESENTATION(#27,#2608);
#42=CONTEXT_DEPENDENT_SHAPE_REPRESENTATION(#28,#2609);
#43=CONTEXT_DEPENDENT_SHAPE_REPRESENTATION(#29,#2610);
#44=CONTEXT_DEPENDENT_SHAPE_REPRESENTATION(#30,#2611);
#45=CONTEXT_DEPENDENT_SHAPE_REPRESENTATION(#31,#2612);
#46=CONTEXT_DEPENDENT_SHAPE_REPRESENTATION(#32,#2613);
#47=CONTEXT_DEPENDENT_SHAPE_REPRESENTATION(#33,#2614);
#48=CONTEXT_DEPENDENT_SHAPE_REPRESENTATION(#34,#2615);
#49=CONTEXT_DEPENDENT_SHAPE_REPRESENTATION(#35,#2616);
#50=CONTEXT_DEPENDENT_SHAPE_REPRESENTATION(#36,#2617);
#51=CONTEXT_DEPENDENT_SHAPE_REPRESENTATION(#37,#2618);
#52=CONTEXT_DEPENDENT_SHAPE_REPRESENTATION(#38,#2619);
#53=NEXT_ASSEMBLY_USAGE_OCCURRENCE('UNIDENTIFIED_PRODUCT:1',
'UNIDENTIFIED_PRODUCT:1','UNIDENTIFIED_PRODUCT:1',#2636,#2637,
'UNIDENTIFIED_PRODUCT:1');
#54=NEXT_ASSEMBLY_USAGE_OCCURRENCE('UNIDENTIFIED_PRODUCT (1):1',
'UNIDENTIFIED_PRODUCT (1):1','UNIDENTIFIED_PRODUCT (1):1',#2636,#2638,
'UNIDENTIFIED_PRODUCT (1):1');
#55=NEXT_ASSEMBLY_USAGE_OCCURRENCE('UNIDENTIFIED_PRODUCT (2):1',
'UNIDENTIFIED_PRODUCT (2):1','UNIDENTIFIED_PRODUCT (2):1',#2636,#2639,
'UNIDENTIFIED_PRODUCT (2):1');
#56=NEXT_ASSEMBLY_USAGE_OCCURRENCE('UNIDENTIFIED_PRODUCT (3):1',
'UNIDENTIFIED_PRODUCT (3):1','UNIDENTIFIED_PRODUCT (3):1',#2636,#2640,
'UNIDENTIFIED_PRODUCT (3):1');
#57=NEXT_ASSEMBLY_USAGE_OCCURRENCE('UNIDENTIFIED_PRODUCT (4):1',
'UNIDENTIFIED_PRODUCT (4):1','UNIDENTIFIED_PRODUCT (4):1',#2636,#2641,
'UNIDENTIFIED_PRODUCT (4):1');
#58=NEXT_ASSEMBLY_USAGE_OCCURRENCE('UNIDENTIFIED_PRODUCT (5):1',
'UNIDENTIFIED_PRODUCT (5):1','UNIDENTIFIED_PRODUCT (5):1',#2636,#2642,
'UNIDENTIFIED_PRODUCT (5):1');
#59=NEXT_ASSEMBLY_USAGE_OCCURRENCE('UNIDENTIFIED_PRODUCT (6):1',
'UNIDENTIFIED_PRODUCT (6):1','UNIDENTIFIED_PRODUCT (6):1',#2636,#2643,
'UNIDENTIFIED_PRODUCT (6):1');
#60=NEXT_ASSEMBLY_USAGE_OCCURRENCE('UNIDENTIFIED_PRODUCT (7):1',
'UNIDENTIFIED_PRODUCT (7):1','UNIDENTIFIED_PRODUCT (7):1',#2636,#2644,
'UNIDENTIFIED_PRODUCT (7):1');
#61=NEXT_ASSEMBLY_USAGE_OCCURRENCE('UNIDENTIFIED_PRODUCT (8):1',
'UNIDENTIFIED_PRODUCT (8):1','UNIDENTIFIED_PRODUCT (8):1',#2636,#2645,
'UNIDENTIFIED_PRODUCT (8):1');
#62=NEXT_ASSEMBLY_USAGE_OCCURRENCE('UNIDENTIFIED_PRODUCT (9):1',
'UNIDENTIFIED_PRODUCT (9):1','UNIDENTIFIED_PRODUCT (9):1',#2636,#2646,
'UNIDENTIFIED_PRODUCT (9):1');
#63=NEXT_ASSEMBLY_USAGE_OCCURRENCE('UNIDENTIFIED_PRODUCT (10):1',
'UNIDENTIFIED_PRODUCT (10):1','UNIDENTIFIED_PRODUCT (10):1',#2636,#2647,
'UNIDENTIFIED_PRODUCT (10):1');
#64=NEXT_ASSEMBLY_USAGE_OCCURRENCE('UNIDENTIFIED_PRODUCT (11):1',
'UNIDENTIFIED_PRODUCT (11):1','UNIDENTIFIED_PRODUCT (11):1',#2636,#2648,
'UNIDENTIFIED_PRODUCT (11):1');
#65=NEXT_ASSEMBLY_USAGE_OCCURRENCE('UNIDENTIFIED_PRODUCT (12):1',
'UNIDENTIFIED_PRODUCT (12):1','UNIDENTIFIED_PRODUCT (12):1',#2636,#2649,
'UNIDENTIFIED_PRODUCT (12):1');
#66=NEXT_ASSEMBLY_USAGE_OCCURRENCE('UNIDENTIFIED_PRODUCT (13):1',
'UNIDENTIFIED_PRODUCT (13):1','UNIDENTIFIED_PRODUCT (13):1',#2636,#2650,
'UNIDENTIFIED_PRODUCT (13):1');
#67=CIRCLE('',#1646,1.1);
#68=CIRCLE('',#1647,1.1);
#69=CIRCLE('',#1650,1.1);
#70=CIRCLE('',#1651,1.1);
#71=CIRCLE('',#1654,1.1);
#72=CIRCLE('',#1655,1.1);
#73=CIRCLE('',#1658,1.1);
#74=CIRCLE('',#1659,1.1);
#75=CIRCLE('',#1662,1.1);
#76=CIRCLE('',#1663,1.1);
#77=CIRCLE('',#1666,1.1);
#78=CIRCLE('',#1667,1.1);
#79=CIRCLE('',#1670,1.1);
#80=CIRCLE('',#1671,1.1);
#81=CIRCLE('',#1674,1.1);
#82=CIRCLE('',#1675,1.1);
#83=CYLINDRICAL_SURFACE('',#1645,1.1);
#84=CYLINDRICAL_SURFACE('',#1649,1.1);
#85=CYLINDRICAL_SURFACE('',#1653,1.1);
#86=CYLINDRICAL_SURFACE('',#1657,1.1);
#87=CYLINDRICAL_SURFACE('',#1661,1.1);
#88=CYLINDRICAL_SURFACE('',#1665,1.1);
#89=CYLINDRICAL_SURFACE('',#1669,1.1);
#90=CYLINDRICAL_SURFACE('',#1673,1.1);
#91=SHAPE_REPRESENTATION_RELATIONSHIP('SRR','None',#2621,#99);
#92=SHAPE_REPRESENTATION_RELATIONSHIP('SRR','None',#2622,#100);
#93=SHAPE_REPRESENTATION_RELATIONSHIP('SRR','None',#2623,#101);
#94=SHAPE_REPRESENTATION_RELATIONSHIP('SRR','None',#2624,#102);
#95=SHAPE_REPRESENTATION_RELATIONSHIP('SRR','None',#2625,#103);
#96=SHAPE_REPRESENTATION_RELATIONSHIP('SRR','None',#2626,#104);
#97=SHAPE_REPRESENTATION_RELATIONSHIP('SRR','None',#2628,#105);
#98=SHAPE_REPRESENTATION_RELATIONSHIP('SRR','None',#2630,#106);
#99=ADVANCED_BREP_SHAPE_REPRESENTATION('',(#115),#2557);
#100=ADVANCED_BREP_SHAPE_REPRESENTATION('',(#116),#2558);
#101=ADVANCED_BREP_SHAPE_REPRESENTATION('',(#117),#2559);
#102=ADVANCED_BREP_SHAPE_REPRESENTATION('',(#118),#2560);
#103=ADVANCED_BREP_SHAPE_REPRESENTATION('',(#119),#2561);
#104=ADVANCED_BREP_SHAPE_REPRESENTATION('',(#120),#2562);
#105=ADVANCED_BREP_SHAPE_REPRESENTATION('',(#121),#2564);
#106=ADVANCED_BREP_SHAPE_REPRESENTATION('',(#122),#2566);
#107=STYLED_ITEM('',(#2700),#115);
#108=STYLED_ITEM('',(#2700),#116);
#109=STYLED_ITEM('',(#2700),#117);
#110=STYLED_ITEM('',(#2700),#118);
#111=STYLED_ITEM('',(#2700),#119);
#112=STYLED_ITEM('',(#2701),#120);
#113=STYLED_ITEM('',(#2701),#121);
#114=STYLED_ITEM('',(#2701),#122);
#115=MANIFOLD_SOLID_BREP('Body1',#1433);
#116=MANIFOLD_SOLID_BREP('Body1',#1434);
#117=MANIFOLD_SOLID_BREP('Body1',#1435);
#118=MANIFOLD_SOLID_BREP('Body1',#1436);
#119=MANIFOLD_SOLID_BREP('Body1',#1437);
#120=MANIFOLD_SOLID_BREP('Body1',#1438);
#121=MANIFOLD_SOLID_BREP('Body1',#1439);
#122=MANIFOLD_SOLID_BREP('Body1',#1440);
#123=FACE_BOUND('',#213,.T.);
#124=FACE_BOUND('',#224,.T.);
#125=FACE_BOUND('',#234,.T.);
#126=FACE_BOUND('',#272,.T.);
#127=FACE_BOUND('',#273,.T.);
#128=FACE_BOUND('',#275,.T.);
#129=FACE_BOUND('',#276,.T.);
#130=FACE_OUTER_BOUND('',#209,.T.);
#131=FACE_OUTER_BOUND('',#210,.T.);
#132=FACE_OUTER_BOUND('',#211,.T.);
#133=FACE_OUTER_BOUND('',#212,.T.);
#134=FACE_OUTER_BOUND('',#214,.T.);
#135=FACE_OUTER_BOUND('',#215,.T.);
#136=FACE_OUTER_BOUND('',#216,.T.);
#137=FACE_OUTER_BOUND('',#217,.T.);
#138=FACE_OUTER_BOUND('',#218,.T.);
#139=FACE_OUTER_BOUND('',#219,.T.);
#140=FACE_OUTER_BOUND('',#220,.T.);
#141=FACE_OUTER_BOUND('',#221,.T.);
#142=FACE_OUTER_BOUND('',#222,.T.);
#143=FACE_OUTER_BOUND('',#223,.T.);
#144=FACE_OUTER_BOUND('',#225,.T.);
#145=FACE_OUTER_BOUND('',#226,.T.);
#146=FACE_OUTER_BOUND('',#227,.T.);
#147=FACE_OUTER_BOUND('',#228,.T.);
#148=FACE_OUTER_BOUND('',#229,.T.);
#149=FACE_OUTER_BOUND('',#230,.T.);
#150=FACE_OUTER_BOUND('',#231,.T.);
#151=FACE_OUTER_BOUND('',#232,.T.);
#152=FACE_OUTER_BOUND('',#233,.T.);
#153=FACE_OUTER_BOUND('',#235,.T.);
#154=FACE_OUTER_BOUND('',#236,.T.);
#155=FACE_OUTER_BOUND('',#237,.T.);
#156=FACE_OUTER_BOUND('',#238,.T.);
#157=FACE_OUTER_BOUND('',#239,.T.);
#158=FACE_OUTER_BOUND('',#240,.T.);
#159=FACE_OUTER_BOUND('',#241,.T.);
#160=FACE_OUTER_BOUND('',#242,.T.);
#161=FACE_OUTER_BOUND('',#243,.T.);
#162=FACE_OUTER_BOUND('',#244,.T.);
#163=FACE_OUTER_BOUND('',#245,.T.);
#164=FACE_OUTER_BOUND('',#246,.T.);
#165=FACE_OUTER_BOUND('',#247,.T.);
#166=FACE_OUTER_BOUND('',#248,.T.);
#167=FACE_OUTER_BOUND('',#249,.T.);
#168=FACE_OUTER_BOUND('',#250,.T.);
#169=FACE_OUTER_BOUND('',#251,.T.);
#170=FACE_OUTER_BOUND('',#252,.T.);
#171=FACE_OUTER_BOUND('',#253,.T.);
#172=FACE_OUTER_BOUND('',#254,.T.);
#173=FACE_OUTER_BOUND('',#255,.T.);
#174=FACE_OUTER_BOUND('',#256,.T.);
#175=FACE_OUTER_BOUND('',#257,.T.);
#176=FACE_OUTER_BOUND('',#258,.T.);
#177=FACE_OUTER_BOUND('',#259,.T.);
#178=FACE_OUTER_BOUND('',#260,.T.);
#179=FACE_OUTER_BOUND('',#261,.T.);
#180=FACE_OUTER_BOUND('',#262,.T.);
#181=FACE_OUTER_BOUND('',#263,.T.);
#182=FACE_OUTER_BOUND('',#264,.T.);
#183=FACE_OUTER_BOUND('',#265,.T.);
#184=FACE_OUTER_BOUND('',#266,.T.);
#185=FACE_OUTER_BOUND('',#267,.T.);
#186=FACE_OUTER_BOUND('',#268,.T.);
#187=FACE_OUTER_BOUND('',#269,.T.);
#188=FACE_OUTER_BOUND('',#270,.T.);
#189=FACE_OUTER_BOUND('',#271,.T.);
#190=FACE_OUTER_BOUND('',#274,.T.);
#191=FACE_OUTER_BOUND('',#277,.T.);
#192=FACE_OUTER_BOUND('',#278,.T.);
#193=FACE_OUTER_BOUND('',#279,.T.);
#194=FACE_OUTER_BOUND('',#280,.T.);
#195=FACE_OUTER_BOUND('',#281,.T.);
#196=FACE_OUTER_BOUND('',#282,.T.);
#197=FACE_OUTER_BOUND('',#283,.T.);
#198=FACE_OUTER_BOUND('',#284,.T.);
#199=FACE_OUTER_BOUND('',#285,.T.);
#200=FACE_OUTER_BOUND('',#286,.T.);
#201=FACE_OUTER_BOUND('',#287,.T.);
#202=FACE_OUTER_BOUND('',#288,.T.);
#203=FACE_OUTER_BOUND('',#289,.T.);
#204=FACE_OUTER_BOUND('',#290,.T.);
#205=FACE_OUTER_BOUND('',#291,.T.);
#206=FACE_OUTER_BOUND('',#292,.T.);
#207=FACE_OUTER_BOUND('',#293,.T.);
#208=FACE_OUTER_BOUND('',#294,.T.);
#209=EDGE_LOOP('',(#923,#924,#925,#926));
#210=EDGE_LOOP('',(#927,#928,#929,#930));
#211=EDGE_LOOP('',(#931,#932,#933,#934));
#212=EDGE_LOOP('',(#935,#936,#937,#938));
#213=EDGE_LOOP('',(#939,#940,#941,#942));
#214=EDGE_LOOP('',(#943,#944,#945,#946));
#215=EDGE_LOOP('',(#947,#948,#949,#950));
#216=EDGE_LOOP('',(#951,#952,#953,#954));
#217=EDGE_LOOP('',(#955,#956,#957,#958));
#218=EDGE_LOOP('',(#959,#960,#961,#962));
#219=EDGE_LOOP('',(#963,#964,#965,#966));
#220=EDGE_LOOP('',(#967,#968,#969,#970));
#221=EDGE_LOOP('',(#971,#972,#973,#974));
#222=EDGE_LOOP('',(#975,#976,#977,#978));
#223=EDGE_LOOP('',(#979,#980,#981,#982));
#224=EDGE_LOOP('',(#983,#984,#985,#986));
#225=EDGE_LOOP('',(#987,#988,#989,#990));
#226=EDGE_LOOP('',(#991,#992,#993,#994));
#227=EDGE_LOOP('',(#995,#996,#997,#998));
#228=EDGE_LOOP('',(#999,#1000,#1001,#1002));
#229=EDGE_LOOP('',(#1003,#1004,#1005,#1006));
#230=EDGE_LOOP('',(#1007,#1008,#1009,#1010));
#231=EDGE_LOOP('',(#1011,#1012,#1013,#1014));
#232=EDGE_LOOP('',(#1015,#1016,#1017,#1018));
#233=EDGE_LOOP('',(#1019,#1020,#1021,#1022));
#234=EDGE_LOOP('',(#1023,#1024,#1025,#1026));
#235=EDGE_LOOP('',(#1027,#1028,#1029,#1030));
#236=EDGE_LOOP('',(#1031,#1032,#1033,#1034));
#237=EDGE_LOOP('',(#1035,#1036,#1037,#1038));
#238=EDGE_LOOP('',(#1039,#1040,#1041,#1042));
#239=EDGE_LOOP('',(#1043,#1044,#1045,#1046));
#240=EDGE_LOOP('',(#1047,#1048,#1049,#1050));
#241=EDGE_LOOP('',(#1051,#1052,#1053,#1054));
#242=EDGE_LOOP('',(#1055,#1056,#1057,#1058));
#243=EDGE_LOOP('',(#1059,#1060,#1061,#1062));
#244=EDGE_LOOP('',(#1063,#1064,#1065,#1066));
#245=EDGE_LOOP('',(#1067,#1068,#1069,#1070));
#246=EDGE_LOOP('',(#1071,#1072,#1073,#1074));
#247=EDGE_LOOP('',(#1075,#1076,#1077,#1078));
#248=EDGE_LOOP('',(#1079,#1080,#1081,#1082));
#249=EDGE_LOOP('',(#1083,#1084,#1085,#1086));
#250=EDGE_LOOP('',(#1087,#1088,#1089,#1090));
#251=EDGE_LOOP('',(#1091,#1092,#1093,#1094));
#252=EDGE_LOOP('',(#1095,#1096,#1097,#1098));
#253=EDGE_LOOP('',(#1099,#1100,#1101,#1102));
#254=EDGE_LOOP('',(#1103,#1104,#1105,#1106));
#255=EDGE_LOOP('',(#1107,#1108,#1109,#1110));
#256=EDGE_LOOP('',(#1111,#1112,#1113,#1114));
#257=EDGE_LOOP('',(#1115,#1116,#1117,#1118));
#258=EDGE_LOOP('',(#1119,#1120,#1121,#1122));
#259=EDGE_LOOP('',(#1123,#1124,#1125,#1126));
#260=EDGE_LOOP('',(#1127,#1128,#1129,#1130));
#261=EDGE_LOOP('',(#1131,#1132,#1133,#1134));
#262=EDGE_LOOP('',(#1135,#1136,#1137,#1138));
#263=EDGE_LOOP('',(#1139,#1140,#1141,#1142));
#264=EDGE_LOOP('',(#1143,#1144,#1145,#1146));
#265=EDGE_LOOP('',(#1147,#1148,#1149,#1150));
#266=EDGE_LOOP('',(#1151,#1152,#1153,#1154));
#267=EDGE_LOOP('',(#1155,#1156,#1157,#1158));
#268=EDGE_LOOP('',(#1159,#1160,#1161,#1162));
#269=EDGE_LOOP('',(#1163,#1164,#1165,#1166));
#270=EDGE_LOOP('',(#1167,#1168,#1169,#1170));
#271=EDGE_LOOP('',(#1171,#1172,#1173,#1174));
#272=EDGE_LOOP('',(#1175,#1176,#1177,#1178,#1179,#1180,#1181,#1182));
#273=EDGE_LOOP('',(#1183,#1184,#1185,#1186,#1187,#1188,#1189,#1190));
#274=EDGE_LOOP('',(#1191,#1192,#1193,#1194));
#275=EDGE_LOOP('',(#1195,#1196,#1197,#1198,#1199,#1200,#1201,#1202));
#276=EDGE_LOOP('',(#1203,#1204,#1205,#1206,#1207,#1208,#1209,#1210));
#277=EDGE_LOOP('',(#1211,#1212,#1213,#1214));
#278=EDGE_LOOP('',(#1215,#1216,#1217,#1218));
#279=EDGE_LOOP('',(#1219,#1220,#1221,#1222));
#280=EDGE_LOOP('',(#1223,#1224,#1225,#1226));
#281=EDGE_LOOP('',(#1227,#1228,#1229,#1230));
#282=EDGE_LOOP('',(#1231,#1232,#1233,#1234));
#283=EDGE_LOOP('',(#1235,#1236,#1237,#1238));
#284=EDGE_LOOP('',(#1239,#1240,#1241,#1242));
#285=EDGE_LOOP('',(#1243,#1244,#1245,#1246));
#286=EDGE_LOOP('',(#1247,#1248,#1249,#1250));
#287=EDGE_LOOP('',(#1251,#1252,#1253,#1254));
#288=EDGE_LOOP('',(#1255,#1256,#1257,#1258));
#289=EDGE_LOOP('',(#1259,#1260,#1261,#1262));
#290=EDGE_LOOP('',(#1263,#1264,#1265,#1266));
#291=EDGE_LOOP('',(#1267,#1268,#1269,#1270));
#292=EDGE_LOOP('',(#1271,#1272,#1273,#1274));
#293=EDGE_LOOP('',(#1275,#1276,#1277,#1278));
#294=EDGE_LOOP('',(#1279,#1280,#1281,#1282));
#295=LINE('',#2137,#459);
#296=LINE('',#2139,#460);
#297=LINE('',#2141,#461);
#298=LINE('',#2142,#462);
#299=LINE('',#2145,#463);
#300=LINE('',#2147,#464);
#301=LINE('',#2148,#465);
#302=LINE('',#2151,#466);
#303=LINE('',#2153,#467);
#304=LINE('',#2154,#468);
#305=LINE('',#2156,#469);
#306=LINE('',#2157,#470);
#307=LINE('',#2160,#471);
#308=LINE('',#2162,#472);
#309=LINE('',#2164,#473);
#310=LINE('',#2165,#474);
#311=LINE('',#2170,#475);
#312=LINE('',#2172,#476);
#313=LINE('',#2173,#477);
#314=LINE('',#2176,#478);
#315=LINE('',#2177,#479);
#316=LINE('',#2180,#480);
#317=LINE('',#2181,#481);
#318=LINE('',#2183,#482);
#319=LINE('',#2189,#483);
#320=LINE('',#2191,#484);
#321=LINE('',#2193,#485);
#322=LINE('',#2194,#486);
#323=LINE('',#2197,#487);
#324=LINE('',#2199,#488);
#325=LINE('',#2200,#489);
#326=LINE('',#2203,#490);
#327=LINE('',#2205,#491);
#328=LINE('',#2206,#492);
#329=LINE('',#2209,#493);
#330=LINE('',#2211,#494);
#331=LINE('',#2213,#495);
#332=LINE('',#2214,#496);
#333=LINE('',#2216,#497);
#334=LINE('',#2217,#498);
#335=LINE('',#2223,#499);
#336=LINE('',#2225,#500);
#337=LINE('',#2227,#501);
#338=LINE('',#2228,#502);
#339=LINE('',#2230,#503);
#340=LINE('',#2231,#504);
#341=LINE('',#2233,#505);
#342=LINE('',#2234,#506);
#343=LINE('',#2241,#507);
#344=LINE('',#2243,#508);
#345=LINE('',#2245,#509);
#346=LINE('',#2246,#510);
#347=LINE('',#2249,#511);
#348=LINE('',#2251,#512);
#349=LINE('',#2253,#513);
#350=LINE('',#2254,#514);
#351=LINE('',#2257,#515);
#352=LINE('',#2259,#516);
#353=LINE('',#2260,#517);
#354=LINE('',#2263,#518);
#355=LINE('',#2265,#519);
#356=LINE('',#2266,#520);
#357=LINE('',#2268,#521);
#358=LINE('',#2269,#522);
#359=LINE('',#2274,#523);
#360=LINE('',#2276,#524);
#361=LINE('',#2277,#525);
#362=LINE('',#2280,#526);
#363=LINE('',#2282,#527);
#364=LINE('',#2283,#528);
#365=LINE('',#2285,#529);
#366=LINE('',#2286,#530);
#367=LINE('',#2293,#531);
#368=LINE('',#2295,#532);
#369=LINE('',#2297,#533);
#370=LINE('',#2298,#534);
#371=LINE('',#2301,#535);
#372=LINE('',#2303,#536);
#373=LINE('',#2304,#537);
#374=LINE('',#2307,#538);
#375=LINE('',#2309,#539);
#376=LINE('',#2310,#540);
#377=LINE('',#2312,#541);
#378=LINE('',#2313,#542);
#379=LINE('',#2320,#543);
#380=LINE('',#2322,#544);
#381=LINE('',#2324,#545);
#382=LINE('',#2325,#546);
#383=LINE('',#2328,#547);
#384=LINE('',#2330,#548);
#385=LINE('',#2331,#549);
#386=LINE('',#2334,#550);
#387=LINE('',#2336,#551);
#388=LINE('',#2337,#552);
#389=LINE('',#2339,#553);
#390=LINE('',#2340,#554);
#391=LINE('',#2346,#555);
#392=LINE('',#2349,#556);
#393=LINE('',#2352,#557);
#394=LINE('',#2354,#558);
#395=LINE('',#2355,#559);
#396=LINE('',#2360,#560);
#397=LINE('',#2364,#561);
#398=LINE('',#2366,#562);
#399=LINE('',#2367,#563);
#400=LINE('',#2372,#564);
#401=LINE('',#2376,#565);
#402=LINE('',#2378,#566);
#403=LINE('',#2379,#567);
#404=LINE('',#2384,#568);
#405=LINE('',#2387,#569);
#406=LINE('',#2388,#570);
#407=LINE('',#2394,#571);
#408=LINE('',#2397,#572);
#409=LINE('',#2400,#573);
#410=LINE('',#2402,#574);
#411=LINE('',#2403,#575);
#412=LINE('',#2408,#576);
#413=LINE('',#2412,#577);
#414=LINE('',#2414,#578);
#415=LINE('',#2415,#579);
#416=LINE('',#2420,#580);
#417=LINE('',#2424,#581);
#418=LINE('',#2426,#582);
#419=LINE('',#2427,#583);
#420=LINE('',#2432,#584);
#421=LINE('',#2435,#585);
#422=LINE('',#2436,#586);
#423=LINE('',#2443,#587);
#424=LINE('',#2445,#588);
#425=LINE('',#2447,#589);
#426=LINE('',#2448,#590);
#427=LINE('',#2451,#591);
#428=LINE('',#2453,#592);
#429=LINE('',#2454,#593);
#430=LINE('',#2457,#594);
#431=LINE('',#2459,#595);
#432=LINE('',#2460,#596);
#433=LINE('',#2462,#597);
#434=LINE('',#2463,#598);
#435=LINE('',#2471,#599);
#436=LINE('',#2473,#600);
#437=LINE('',#2475,#601);
#438=LINE('',#2476,#602);
#439=LINE('',#2479,#603);
#440=LINE('',#2481,#604);
#441=LINE('',#2482,#605);
#442=LINE('',#2485,#606);
#443=LINE('',#2486,#607);
#444=LINE('',#2489,#608);
#445=LINE('',#2490,#609);
#446=LINE('',#2492,#610);
#447=LINE('',#2499,#611);
#448=LINE('',#2501,#612);
#449=LINE('',#2503,#613);
#450=LINE('',#2504,#614);
#451=LINE('',#2507,#615);
#452=LINE('',#2509,#616);
#453=LINE('',#2510,#617);
#454=LINE('',#2513,#618);
#455=LINE('',#2514,#619);
#456=LINE('',#2517,#620);
#457=LINE('',#2518,#621);
#458=LINE('',#2520,#622);
#459=VECTOR('',#1726,1.);
#460=VECTOR('',#1727,1.);
#461=VECTOR('',#1728,1.);
#462=VECTOR('',#1729,1.);
#463=VECTOR('',#1732,1.);
#464=VECTOR('',#1733,1.);
#465=VECTOR('',#1734,1.);
#466=VECTOR('',#1737,1.);
#467=VECTOR('',#1738,1.);
#468=VECTOR('',#1739,1.);
#469=VECTOR('',#1742,1.);
#470=VECTOR('',#1743,1.);
#471=VECTOR('',#1744,1.);
#472=VECTOR('',#1745,1.);
#473=VECTOR('',#1746,1.);
#474=VECTOR('',#1747,1.);
#475=VECTOR('',#1754,1.);
#476=VECTOR('',#1755,1.);
#477=VECTOR('',#1756,1.);
#478=VECTOR('',#1759,1.);
#479=VECTOR('',#1760,1.);
#480=VECTOR('',#1763,1.);
#481=VECTOR('',#1764,1.);
#482=VECTOR('',#1767,1.);
#483=VECTOR('',#1774,1.);
#484=VECTOR('',#1775,1.);
#485=VECTOR('',#1776,1.);
#486=VECTOR('',#1777,1.);
#487=VECTOR('',#1780,1.);
#488=VECTOR('',#1781,1.);
#489=VECTOR('',#1782,1.);
#490=VECTOR('',#1785,1.);
#491=VECTOR('',#1786,1.);
#492=VECTOR('',#1787,1.);
#493=VECTOR('',#1788,1.);
#494=VECTOR('',#1789,1.);
#495=VECTOR('',#1790,1.);
#496=VECTOR('',#1791,1.);
#497=VECTOR('',#1794,1.);
#498=VECTOR('',#1795,1.);
#499=VECTOR('',#1802,1.);
#500=VECTOR('',#1803,1.);
#501=VECTOR('',#1804,1.);
#502=VECTOR('',#1805,1.);
#503=VECTOR('',#1808,1.);
#504=VECTOR('',#1809,1.);
#505=VECTOR('',#1812,1.);
#506=VECTOR('',#1813,1.);
#507=VECTOR('',#1822,1.);
#508=VECTOR('',#1823,1.);
#509=VECTOR('',#1824,1.);
#510=VECTOR('',#1825,1.);
#511=VECTOR('',#1826,1.);
#512=VECTOR('',#1827,1.);
#513=VECTOR('',#1828,1.);
#514=VECTOR('',#1829,1.);
#515=VECTOR('',#1832,1.);
#516=VECTOR('',#1833,1.);
#517=VECTOR('',#1834,1.);
#518=VECTOR('',#1837,1.);
#519=VECTOR('',#1838,1.);
#520=VECTOR('',#1839,1.);
#521=VECTOR('',#1842,1.);
#522=VECTOR('',#1843,1.);
#523=VECTOR('',#1850,1.);
#524=VECTOR('',#1851,1.);
#525=VECTOR('',#1852,1.);
#526=VECTOR('',#1855,1.);
#527=VECTOR('',#1856,1.);
#528=VECTOR('',#1857,1.);
#529=VECTOR('',#1860,1.);
#530=VECTOR('',#1861,1.);
#531=VECTOR('',#1870,1.);
#532=VECTOR('',#1871,1.);
#533=VECTOR('',#1872,1.);
#534=VECTOR('',#1873,1.);
#535=VECTOR('',#1876,1.);
#536=VECTOR('',#1877,1.);
#537=VECTOR('',#1878,1.);
#538=VECTOR('',#1881,1.);
#539=VECTOR('',#1882,1.);
#540=VECTOR('',#1883,1.);
#541=VECTOR('',#1886,1.);
#542=VECTOR('',#1887,1.);
#543=VECTOR('',#1896,1.);
#544=VECTOR('',#1897,1.);
#545=VECTOR('',#1898,1.);
#546=VECTOR('',#1899,1.);
#547=VECTOR('',#1902,1.);
#548=VECTOR('',#1903,1.);
#549=VECTOR('',#1904,1.);
#550=VECTOR('',#1907,1.);
#551=VECTOR('',#1908,1.);
#552=VECTOR('',#1909,1.);
#553=VECTOR('',#1912,1.);
#554=VECTOR('',#1913,1.);
#555=VECTOR('',#1918,1.);
#556=VECTOR('',#1921,1.);
#557=VECTOR('',#1924,1.);
#558=VECTOR('',#1925,1.);
#559=VECTOR('',#1926,1.);
#560=VECTOR('',#1931,1.);
#561=VECTOR('',#1936,1.);
#562=VECTOR('',#1937,1.);
#563=VECTOR('',#1938,1.);
#564=VECTOR('',#1943,1.);
#565=VECTOR('',#1948,1.);
#566=VECTOR('',#1949,1.);
#567=VECTOR('',#1950,1.);
#568=VECTOR('',#1955,1.);
#569=VECTOR('',#1960,1.);
#570=VECTOR('',#1961,1.);
#571=VECTOR('',#1966,1.);
#572=VECTOR('',#1969,1.);
#573=VECTOR('',#1972,1.);
#574=VECTOR('',#1973,1.);
#575=VECTOR('',#1974,1.);
#576=VECTOR('',#1979,1.);
#577=VECTOR('',#1984,1.);
#578=VECTOR('',#1985,1.);
#579=VECTOR('',#1986,1.);
#580=VECTOR('',#1991,1.);
#581=VECTOR('',#1996,1.);
#582=VECTOR('',#1997,1.);
#583=VECTOR('',#1998,1.);
#584=VECTOR('',#2003,1.);
#585=VECTOR('',#2008,1.);
#586=VECTOR('',#2009,1.);
#587=VECTOR('',#2018,1.);
#588=VECTOR('',#2019,1.);
#589=VECTOR('',#2020,1.);
#590=VECTOR('',#2021,1.);
#591=VECTOR('',#2024,1.);
#592=VECTOR('',#2025,1.);
#593=VECTOR('',#2026,1.);
#594=VECTOR('',#2029,1.);
#595=VECTOR('',#2030,1.);
#596=VECTOR('',#2031,1.);
#597=VECTOR('',#2034,1.);
#598=VECTOR('',#2035,1.);
#599=VECTOR('',#2046,10.);
#600=VECTOR('',#2047,1.);
#601=VECTOR('',#2048,1.);
#602=VECTOR('',#2049,1.);
#603=VECTOR('',#2052,10.);
#604=VECTOR('',#2053,1.);
#605=VECTOR('',#2054,1.);
#606=VECTOR('',#2057,1.);
#607=VECTOR('',#2058,1.);
#608=VECTOR('',#2061,1.);
#609=VECTOR('',#2062,1.);
#610=VECTOR('',#2065,1.);
#611=VECTOR('',#2074,10.);
#612=VECTOR('',#2075,1.);
#613=VECTOR('',#2076,1.);
#614=VECTOR('',#2077,1.);
#615=VECTOR('',#2080,10.);
#616=VECTOR('',#2081,1.);
#617=VECTOR('',#2082,1.);
#618=VECTOR('',#2085,1.);
#619=VECTOR('',#2086,1.);
#620=VECTOR('',#2089,1.);
#621=VECTOR('',#2090,1.);
#622=VECTOR('',#2093,1.);
#623=VERTEX_POINT('',#2135);
#624=VERTEX_POINT('',#2136);
#625=VERTEX_POINT('',#2138);
#626=VERTEX_POINT('',#2140);
#627=VERTEX_POINT('',#2144);
#628=VERTEX_POINT('',#2146);
#629=VERTEX_POINT('',#2150);
#630=VERTEX_POINT('',#2152);
#631=VERTEX_POINT('',#2158);
#632=VERTEX_POINT('',#2159);
#633=VERTEX_POINT('',#2161);
#634=VERTEX_POINT('',#2163);
#635=VERTEX_POINT('',#2169);
#636=VERTEX_POINT('',#2171);
#637=VERTEX_POINT('',#2175);
#638=VERTEX_POINT('',#2179);
#639=VERTEX_POINT('',#2187);
#640=VERTEX_POINT('',#2188);
#641=VERTEX_POINT('',#2190);
#642=VERTEX_POINT('',#2192);
#643=VERTEX_POINT('',#2196);
#644=VERTEX_POINT('',#2198);
#645=VERTEX_POINT('',#2202);
#646=VERTEX_POINT('',#2204);
#647=VERTEX_POINT('',#2207);
#648=VERTEX_POINT('',#2208);
#649=VERTEX_POINT('',#2210);
#650=VERTEX_POINT('',#2212);
#651=VERTEX_POINT('',#2221);
#652=VERTEX_POINT('',#2222);
#653=VERTEX_POINT('',#2224);
#654=VERTEX_POINT('',#2226);
#655=VERTEX_POINT('',#2239);
#656=VERTEX_POINT('',#2240);
#657=VERTEX_POINT('',#2242);
#658=VERTEX_POINT('',#2244);
#659=VERTEX_POINT('',#2247);
#660=VERTEX_POINT('',#2248);
#661=VERTEX_POINT('',#2250);
#662=VERTEX_POINT('',#2252);
#663=VERTEX_POINT('',#2256);
#664=VERTEX_POINT('',#2258);
#665=VERTEX_POINT('',#2262);
#666=VERTEX_POINT('',#2264);
#667=VERTEX_POINT('',#2273);
#668=VERTEX_POINT('',#2275);
#669=VERTEX_POINT('',#2279);
#670=VERTEX_POINT('',#2281);
#671=VERTEX_POINT('',#2291);
#672=VERTEX_POINT('',#2292);
#673=VERTEX_POINT('',#2294);
#674=VERTEX_POINT('',#2296);
#675=VERTEX_POINT('',#2300);
#676=VERTEX_POINT('',#2302);
#677=VERTEX_POINT('',#2306);
#678=VERTEX_POINT('',#2308);
#679=VERTEX_POINT('',#2318);
#680=VERTEX_POINT('',#2319);
#681=VERTEX_POINT('',#2321);
#682=VERTEX_POINT('',#2323);
#683=VERTEX_POINT('',#2327);
#684=VERTEX_POINT('',#2329);
#685=VERTEX_POINT('',#2333);
#686=VERTEX_POINT('',#2335);
#687=VERTEX_POINT('',#2342);
#688=VERTEX_POINT('',#2343);
#689=VERTEX_POINT('',#2345);
#690=VERTEX_POINT('',#2347);
#691=VERTEX_POINT('',#2351);
#692=VERTEX_POINT('',#2353);
#693=VERTEX_POINT('',#2357);
#694=VERTEX_POINT('',#2359);
#695=VERTEX_POINT('',#2363);
#696=VERTEX_POINT('',#2365);
#697=VERTEX_POINT('',#2369);
#698=VERTEX_POINT('',#2371);
#699=VERTEX_POINT('',#2375);
#700=VERTEX_POINT('',#2377);
#701=VERTEX_POINT('',#2381);
#702=VERTEX_POINT('',#2383);
#703=VERTEX_POINT('',#2390);
#704=VERTEX_POINT('',#2391);
#705=VERTEX_POINT('',#2393);
#706=VERTEX_POINT('',#2395);
#707=VERTEX_POINT('',#2399);
#708=VERTEX_POINT('',#2401);
#709=VERTEX_POINT('',#2405);
#710=VERTEX_POINT('',#2407);
#711=VERTEX_POINT('',#2411);
#712=VERTEX_POINT('',#2413);
#713=VERTEX_POINT('',#2417);
#714=VERTEX_POINT('',#2419);
#715=VERTEX_POINT('',#2423);
#716=VERTEX_POINT('',#2425);
#717=VERTEX_POINT('',#2429);
#718=VERTEX_POINT('',#2431);
#719=VERTEX_POINT('',#2441);
#720=VERTEX_POINT('',#2442);
#721=VERTEX_POINT('',#2444);
#722=VERTEX_POINT('',#2446);
#723=VERTEX_POINT('',#2450);
#724=VERTEX_POINT('',#2452);
#725=VERTEX_POINT('',#2456);
#726=VERTEX_POINT('',#2458);
#727=VERTEX_POINT('',#2469);
#728=VERTEX_POINT('',#2470);
#729=VERTEX_POINT('',#2472);
#730=VERTEX_POINT('',#2474);
#731=VERTEX_POINT('',#2478);
#732=VERTEX_POINT('',#2480);
#733=VERTEX_POINT('',#2484);
#734=VERTEX_POINT('',#2488);
#735=VERTEX_POINT('',#2497);
#736=VERTEX_POINT('',#2498);
#737=VERTEX_POINT('',#2500);
#738=VERTEX_POINT('',#2502);
#739=VERTEX_POINT('',#2506);
#740=VERTEX_POINT('',#2508);
#741=VERTEX_POINT('',#2512);
#742=VERTEX_POINT('',#2516);
#743=EDGE_CURVE('',#623,#624,#295,.T.);
#744=EDGE_CURVE('',#624,#625,#296,.T.);
#745=EDGE_CURVE('',#626,#625,#297,.T.);
#746=EDGE_CURVE('',#623,#626,#298,.T.);
#747=EDGE_CURVE('',#624,#627,#299,.T.);
#748=EDGE_CURVE('',#627,#628,#300,.T.);
#749=EDGE_CURVE('',#625,#628,#301,.T.);
#750=EDGE_CURVE('',#627,#629,#302,.T.);
#751=EDGE_CURVE('',#629,#630,#303,.T.);
#752=EDGE_CURVE('',#628,#630,#304,.T.);
#753=EDGE_CURVE('',#629,#623,#305,.T.);
#754=EDGE_CURVE('',#630,#626,#306,.T.);
#755=EDGE_CURVE('',#631,#632,#307,.T.);
#756=EDGE_CURVE('',#632,#633,#308,.T.);
#757=EDGE_CURVE('',#633,#634,#309,.T.);
#758=EDGE_CURVE('',#634,#631,#310,.T.);
#759=EDGE_CURVE('',#631,#635,#311,.T.);
#760=EDGE_CURVE('',#635,#636,#312,.T.);
#761=EDGE_CURVE('',#632,#636,#313,.T.);
#762=EDGE_CURVE('',#636,#637,#314,.T.);
#763=EDGE_CURVE('',#633,#637,#315,.T.);
#764=EDGE_CURVE('',#637,#638,#316,.T.);
#765=EDGE_CURVE('',#634,#638,#317,.T.);
#766=EDGE_CURVE('',#638,#635,#318,.T.);
#767=EDGE_CURVE('',#639,#640,#319,.T.);
#768=EDGE_CURVE('',#640,#641,#320,.T.);
#769=EDGE_CURVE('',#642,#641,#321,.T.);
#770=EDGE_CURVE('',#639,#642,#322,.T.);
#771=EDGE_CURVE('',#640,#643,#323,.T.);
#772=EDGE_CURVE('',#643,#644,#324,.T.);
#773=EDGE_CURVE('',#641,#644,#325,.T.);
#774=EDGE_CURVE('',#643,#645,#326,.T.);
#775=EDGE_CURVE('',#645,#646,#327,.T.);
#776=EDGE_CURVE('',#644,#646,#328,.T.);
#777=EDGE_CURVE('',#647,#648,#329,.T.);
#778=EDGE_CURVE('',#648,#649,#330,.T.);
#779=EDGE_CURVE('',#650,#649,#331,.T.);
#780=EDGE_CURVE('',#647,#650,#332,.T.);
#781=EDGE_CURVE('',#645,#639,#333,.T.);
#782=EDGE_CURVE('',#646,#642,#334,.T.);
#783=EDGE_CURVE('',#651,#652,#335,.T.);
#784=EDGE_CURVE('',#652,#653,#336,.T.);
#785=EDGE_CURVE('',#654,#653,#337,.T.);
#786=EDGE_CURVE('',#651,#654,#338,.T.);
#787=EDGE_CURVE('',#653,#648,#339,.T.);
#788=EDGE_CURVE('',#654,#647,#340,.T.);
#789=EDGE_CURVE('',#649,#652,#341,.T.);
#790=EDGE_CURVE('',#650,#651,#342,.T.);
#791=EDGE_CURVE('',#655,#656,#343,.T.);
#792=EDGE_CURVE('',#656,#657,#344,.T.);
#793=EDGE_CURVE('',#658,#657,#345,.T.);
#794=EDGE_CURVE('',#655,#658,#346,.T.);
#795=EDGE_CURVE('',#659,#660,#347,.T.);
#796=EDGE_CURVE('',#659,#661,#348,.T.);
#797=EDGE_CURVE('',#661,#662,#349,.T.);
#798=EDGE_CURVE('',#660,#662,#350,.T.);
#799=EDGE_CURVE('',#656,#663,#351,.T.);
#800=EDGE_CURVE('',#663,#664,#352,.T.);
#801=EDGE_CURVE('',#657,#664,#353,.T.);
#802=EDGE_CURVE('',#663,#665,#354,.T.);
#803=EDGE_CURVE('',#665,#666,#355,.T.);
#804=EDGE_CURVE('',#664,#666,#356,.T.);
#805=EDGE_CURVE('',#665,#655,#357,.T.);
#806=EDGE_CURVE('',#666,#658,#358,.T.);
#807=EDGE_CURVE('',#662,#667,#359,.T.);
#808=EDGE_CURVE('',#668,#667,#360,.T.);
#809=EDGE_CURVE('',#660,#668,#361,.T.);
#810=EDGE_CURVE('',#667,#669,#362,.T.);
#811=EDGE_CURVE('',#670,#669,#363,.T.);
#812=EDGE_CURVE('',#668,#670,#364,.T.);
#813=EDGE_CURVE('',#669,#661,#365,.T.);
#814=EDGE_CURVE('',#670,#659,#366,.T.);
#815=EDGE_CURVE('',#671,#672,#367,.T.);
#816=EDGE_CURVE('',#672,#673,#368,.T.);
#817=EDGE_CURVE('',#674,#673,#369,.T.);
#818=EDGE_CURVE('',#671,#674,#370,.T.);
#819=EDGE_CURVE('',#672,#675,#371,.T.);
#820=EDGE_CURVE('',#675,#676,#372,.T.);
#821=EDGE_CURVE('',#673,#676,#373,.T.);
#822=EDGE_CURVE('',#675,#677,#374,.T.);
#823=EDGE_CURVE('',#677,#678,#375,.T.);
#824=EDGE_CURVE('',#676,#678,#376,.T.);
#825=EDGE_CURVE('',#677,#671,#377,.T.);
#826=EDGE_CURVE('',#678,#674,#378,.T.);
#827=EDGE_CURVE('',#679,#680,#379,.T.);
#828=EDGE_CURVE('',#680,#681,#380,.T.);
#829=EDGE_CURVE('',#682,#681,#381,.T.);
#830=EDGE_CURVE('',#679,#682,#382,.T.);
#831=EDGE_CURVE('',#680,#683,#383,.T.);
#832=EDGE_CURVE('',#683,#684,#384,.T.);
#833=EDGE_CURVE('',#681,#684,#385,.T.);
#834=EDGE_CURVE('',#683,#685,#386,.T.);
#835=EDGE_CURVE('',#685,#686,#387,.T.);
#836=EDGE_CURVE('',#684,#686,#388,.T.);
#837=EDGE_CURVE('',#685,#679,#389,.T.);
#838=EDGE_CURVE('',#686,#682,#390,.T.);
#839=EDGE_CURVE('',#687,#688,#67,.T.);
#840=EDGE_CURVE('',#688,#689,#391,.T.);
#841=EDGE_CURVE('',#690,#689,#68,.T.);
#842=EDGE_CURVE('',#687,#690,#392,.T.);
#843=EDGE_CURVE('',#688,#691,#393,.T.);
#844=EDGE_CURVE('',#691,#692,#394,.T.);
#845=EDGE_CURVE('',#689,#692,#395,.T.);
#846=EDGE_CURVE('',#691,#693,#69,.T.);
#847=EDGE_CURVE('',#693,#694,#396,.T.);
#848=EDGE_CURVE('',#692,#694,#70,.T.);
#849=EDGE_CURVE('',#693,#695,#397,.T.);
#850=EDGE_CURVE('',#695,#696,#398,.T.);
#851=EDGE_CURVE('',#694,#696,#399,.T.);
#852=EDGE_CURVE('',#695,#697,#71,.T.);
#853=EDGE_CURVE('',#697,#698,#400,.T.);
#854=EDGE_CURVE('',#696,#698,#72,.T.);
#855=EDGE_CURVE('',#697,#699,#401,.T.);
#856=EDGE_CURVE('',#699,#700,#402,.T.);
#857=EDGE_CURVE('',#698,#700,#403,.T.);
#858=EDGE_CURVE('',#699,#701,#73,.T.);
#859=EDGE_CURVE('',#701,#702,#404,.T.);
#860=EDGE_CURVE('',#700,#702,#74,.T.);
#861=EDGE_CURVE('',#701,#687,#405,.T.);
#862=EDGE_CURVE('',#702,#690,#406,.T.);
#863=EDGE_CURVE('',#703,#704,#75,.T.);
#864=EDGE_CURVE('',#704,#705,#407,.T.);
#865=EDGE_CURVE('',#706,#705,#76,.T.);
#866=EDGE_CURVE('',#703,#706,#408,.T.);
#867=EDGE_CURVE('',#704,#707,#409,.T.);
#868=EDGE_CURVE('',#707,#708,#410,.T.);
#869=EDGE_CURVE('',#705,#708,#411,.T.);
#870=EDGE_CURVE('',#707,#709,#77,.T.);
#871=EDGE_CURVE('',#709,#710,#412,.T.);
#872=EDGE_CURVE('',#708,#710,#78,.T.);
#873=EDGE_CURVE('',#709,#711,#413,.T.);
#874=EDGE_CURVE('',#711,#712,#414,.T.);
#875=EDGE_CURVE('',#710,#712,#415,.T.);
#876=EDGE_CURVE('',#711,#713,#79,.T.);
#877=EDGE_CURVE('',#713,#714,#416,.T.);
#878=EDGE_CURVE('',#712,#714,#80,.T.);
#879=EDGE_CURVE('',#713,#715,#417,.T.);
#880=EDGE_CURVE('',#715,#716,#418,.T.);
#881=EDGE_CURVE('',#714,#716,#419,.T.);
#882=EDGE_CURVE('',#715,#717,#81,.T.);
#883=EDGE_CURVE('',#717,#718,#420,.T.);
#884=EDGE_CURVE('',#716,#718,#82,.T.);
#885=EDGE_CURVE('',#717,#703,#421,.T.);
#886=EDGE_CURVE('',#718,#706,#422,.T.);
#887=EDGE_CURVE('',#719,#720,#423,.T.);
#888=EDGE_CURVE('',#720,#721,#424,.T.);
#889=EDGE_CURVE('',#722,#721,#425,.T.);
#890=EDGE_CURVE('',#719,#722,#426,.T.);
#891=EDGE_CURVE('',#720,#723,#427,.T.);
#892=EDGE_CURVE('',#723,#724,#428,.T.);
#893=EDGE_CURVE('',#721,#724,#429,.T.);
#894=EDGE_CURVE('',#723,#725,#430,.T.);
#895=EDGE_CURVE('',#725,#726,#431,.T.);
#896=EDGE_CURVE('',#724,#726,#432,.T.);
#897=EDGE_CURVE('',#725,#719,#433,.T.);
#898=EDGE_CURVE('',#726,#722,#434,.T.);
#899=EDGE_CURVE('',#727,#728,#435,.T.);
#900=EDGE_CURVE('',#728,#729,#436,.T.);
#901=EDGE_CURVE('',#729,#730,#437,.T.);
#902=EDGE_CURVE('',#730,#727,#438,.T.);
#903=EDGE_CURVE('',#731,#730,#439,.T.);
#904=EDGE_CURVE('',#731,#732,#440,.T.);
#905=EDGE_CURVE('',#732,#727,#441,.T.);
#906=EDGE_CURVE('',#732,#733,#442,.T.);
#907=EDGE_CURVE('',#728,#733,#443,.T.);
#908=EDGE_CURVE('',#731,#734,#444,.T.);
#909=EDGE_CURVE('',#733,#734,#445,.T.);
#910=EDGE_CURVE('',#734,#729,#446,.T.);
#911=EDGE_CURVE('',#735,#736,#447,.T.);
#912=EDGE_CURVE('',#736,#737,#448,.T.);
#913=EDGE_CURVE('',#737,#738,#449,.T.);
#914=EDGE_CURVE('',#738,#735,#450,.T.);
#915=EDGE_CURVE('',#739,#738,#451,.T.);
#916=EDGE_CURVE('',#739,#740,#452,.T.);
#917=EDGE_CURVE('',#740,#735,#453,.T.);
#918=EDGE_CURVE('',#740,#741,#454,.T.);
#919=EDGE_CURVE('',#736,#741,#455,.T.);
#920=EDGE_CURVE('',#739,#742,#456,.T.);
#921=EDGE_CURVE('',#741,#742,#457,.T.);
#922=EDGE_CURVE('',#742,#737,#458,.T.);
#923=ORIENTED_EDGE('',*,*,#743,.T.);
#924=ORIENTED_EDGE('',*,*,#744,.T.);
#925=ORIENTED_EDGE('',*,*,#745,.F.);
#926=ORIENTED_EDGE('',*,*,#746,.F.);
#927=ORIENTED_EDGE('',*,*,#747,.T.);
#928=ORIENTED_EDGE('',*,*,#748,.T.);
#929=ORIENTED_EDGE('',*,*,#749,.F.);
#930=ORIENTED_EDGE('',*,*,#744,.F.);
#931=ORIENTED_EDGE('',*,*,#750,.T.);
#932=ORIENTED_EDGE('',*,*,#751,.T.);
#933=ORIENTED_EDGE('',*,*,#752,.F.);
#934=ORIENTED_EDGE('',*,*,#748,.F.);
#935=ORIENTED_EDGE('',*,*,#753,.T.);
#936=ORIENTED_EDGE('',*,*,#746,.T.);
#937=ORIENTED_EDGE('',*,*,#754,.F.);
#938=ORIENTED_EDGE('',*,*,#751,.F.);
#939=ORIENTED_EDGE('',*,*,#755,.T.);
#940=ORIENTED_EDGE('',*,*,#756,.T.);
#941=ORIENTED_EDGE('',*,*,#757,.T.);
#942=ORIENTED_EDGE('',*,*,#758,.T.);
#943=ORIENTED_EDGE('',*,*,#753,.F.);
#944=ORIENTED_EDGE('',*,*,#750,.F.);
#945=ORIENTED_EDGE('',*,*,#747,.F.);
#946=ORIENTED_EDGE('',*,*,#743,.F.);
#947=ORIENTED_EDGE('',*,*,#745,.T.);
#948=ORIENTED_EDGE('',*,*,#749,.T.);
#949=ORIENTED_EDGE('',*,*,#752,.T.);
#950=ORIENTED_EDGE('',*,*,#754,.T.);
#951=ORIENTED_EDGE('',*,*,#759,.T.);
#952=ORIENTED_EDGE('',*,*,#760,.T.);
#953=ORIENTED_EDGE('',*,*,#761,.F.);
#954=ORIENTED_EDGE('',*,*,#755,.F.);
#955=ORIENTED_EDGE('',*,*,#761,.T.);
#956=ORIENTED_EDGE('',*,*,#762,.T.);
#957=ORIENTED_EDGE('',*,*,#763,.F.);
#958=ORIENTED_EDGE('',*,*,#756,.F.);
#959=ORIENTED_EDGE('',*,*,#763,.T.);
#960=ORIENTED_EDGE('',*,*,#764,.T.);
#961=ORIENTED_EDGE('',*,*,#765,.F.);
#962=ORIENTED_EDGE('',*,*,#757,.F.);
#963=ORIENTED_EDGE('',*,*,#765,.T.);
#964=ORIENTED_EDGE('',*,*,#766,.T.);
#965=ORIENTED_EDGE('',*,*,#759,.F.);
#966=ORIENTED_EDGE('',*,*,#758,.F.);
#967=ORIENTED_EDGE('',*,*,#766,.F.);
#968=ORIENTED_EDGE('',*,*,#764,.F.);
#969=ORIENTED_EDGE('',*,*,#762,.F.);
#970=ORIENTED_EDGE('',*,*,#760,.F.);
#971=ORIENTED_EDGE('',*,*,#767,.T.);
#972=ORIENTED_EDGE('',*,*,#768,.T.);
#973=ORIENTED_EDGE('',*,*,#769,.F.);
#974=ORIENTED_EDGE('',*,*,#770,.F.);
#975=ORIENTED_EDGE('',*,*,#771,.T.);
#976=ORIENTED_EDGE('',*,*,#772,.T.);
#977=ORIENTED_EDGE('',*,*,#773,.F.);
#978=ORIENTED_EDGE('',*,*,#768,.F.);
#979=ORIENTED_EDGE('',*,*,#774,.T.);
#980=ORIENTED_EDGE('',*,*,#775,.T.);
#981=ORIENTED_EDGE('',*,*,#776,.F.);
#982=ORIENTED_EDGE('',*,*,#772,.F.);
#983=ORIENTED_EDGE('',*,*,#777,.T.);
#984=ORIENTED_EDGE('',*,*,#778,.T.);
#985=ORIENTED_EDGE('',*,*,#779,.F.);
#986=ORIENTED_EDGE('',*,*,#780,.F.);
#987=ORIENTED_EDGE('',*,*,#781,.T.);
#988=ORIENTED_EDGE('',*,*,#770,.T.);
#989=ORIENTED_EDGE('',*,*,#782,.F.);
#990=ORIENTED_EDGE('',*,*,#775,.F.);
#991=ORIENTED_EDGE('',*,*,#781,.F.);
#992=ORIENTED_EDGE('',*,*,#774,.F.);
#993=ORIENTED_EDGE('',*,*,#771,.F.);
#994=ORIENTED_EDGE('',*,*,#767,.F.);
#995=ORIENTED_EDGE('',*,*,#769,.T.);
#996=ORIENTED_EDGE('',*,*,#773,.T.);
#997=ORIENTED_EDGE('',*,*,#776,.T.);
#998=ORIENTED_EDGE('',*,*,#782,.T.);
#999=ORIENTED_EDGE('',*,*,#783,.T.);
#1000=ORIENTED_EDGE('',*,*,#784,.T.);
#1001=ORIENTED_EDGE('',*,*,#785,.F.);
#1002=ORIENTED_EDGE('',*,*,#786,.F.);
#1003=ORIENTED_EDGE('',*,*,#785,.T.);
#1004=ORIENTED_EDGE('',*,*,#787,.T.);
#1005=ORIENTED_EDGE('',*,*,#777,.F.);
#1006=ORIENTED_EDGE('',*,*,#788,.F.);
#1007=ORIENTED_EDGE('',*,*,#779,.T.);
#1008=ORIENTED_EDGE('',*,*,#789,.T.);
#1009=ORIENTED_EDGE('',*,*,#783,.F.);
#1010=ORIENTED_EDGE('',*,*,#790,.F.);
#1011=ORIENTED_EDGE('',*,*,#786,.T.);
#1012=ORIENTED_EDGE('',*,*,#788,.T.);
#1013=ORIENTED_EDGE('',*,*,#780,.T.);
#1014=ORIENTED_EDGE('',*,*,#790,.T.);
#1015=ORIENTED_EDGE('',*,*,#789,.F.);
#1016=ORIENTED_EDGE('',*,*,#778,.F.);
#1017=ORIENTED_EDGE('',*,*,#787,.F.);
#1018=ORIENTED_EDGE('',*,*,#784,.F.);
#1019=ORIENTED_EDGE('',*,*,#791,.T.);
#1020=ORIENTED_EDGE('',*,*,#792,.T.);
#1021=ORIENTED_EDGE('',*,*,#793,.F.);
#1022=ORIENTED_EDGE('',*,*,#794,.F.);
#1023=ORIENTED_EDGE('',*,*,#795,.F.);
#1024=ORIENTED_EDGE('',*,*,#796,.T.);
#1025=ORIENTED_EDGE('',*,*,#797,.T.);
#1026=ORIENTED_EDGE('',*,*,#798,.F.);
#1027=ORIENTED_EDGE('',*,*,#799,.T.);
#1028=ORIENTED_EDGE('',*,*,#800,.T.);
#1029=ORIENTED_EDGE('',*,*,#801,.F.);
#1030=ORIENTED_EDGE('',*,*,#792,.F.);
#1031=ORIENTED_EDGE('',*,*,#802,.T.);
#1032=ORIENTED_EDGE('',*,*,#803,.T.);
#1033=ORIENTED_EDGE('',*,*,#804,.F.);
#1034=ORIENTED_EDGE('',*,*,#800,.F.);
#1035=ORIENTED_EDGE('',*,*,#805,.T.);
#1036=ORIENTED_EDGE('',*,*,#794,.T.);
#1037=ORIENTED_EDGE('',*,*,#806,.F.);
#1038=ORIENTED_EDGE('',*,*,#803,.F.);
#1039=ORIENTED_EDGE('',*,*,#805,.F.);
#1040=ORIENTED_EDGE('',*,*,#802,.F.);
#1041=ORIENTED_EDGE('',*,*,#799,.F.);
#1042=ORIENTED_EDGE('',*,*,#791,.F.);
#1043=ORIENTED_EDGE('',*,*,#793,.T.);
#1044=ORIENTED_EDGE('',*,*,#801,.T.);
#1045=ORIENTED_EDGE('',*,*,#804,.T.);
#1046=ORIENTED_EDGE('',*,*,#806,.T.);
#1047=ORIENTED_EDGE('',*,*,#798,.T.);
#1048=ORIENTED_EDGE('',*,*,#807,.T.);
#1049=ORIENTED_EDGE('',*,*,#808,.F.);
#1050=ORIENTED_EDGE('',*,*,#809,.F.);
#1051=ORIENTED_EDGE('',*,*,#808,.T.);
#1052=ORIENTED_EDGE('',*,*,#810,.T.);
#1053=ORIENTED_EDGE('',*,*,#811,.F.);
#1054=ORIENTED_EDGE('',*,*,#812,.F.);
#1055=ORIENTED_EDGE('',*,*,#811,.T.);
#1056=ORIENTED_EDGE('',*,*,#813,.T.);
#1057=ORIENTED_EDGE('',*,*,#796,.F.);
#1058=ORIENTED_EDGE('',*,*,#814,.F.);
#1059=ORIENTED_EDGE('',*,*,#795,.T.);
#1060=ORIENTED_EDGE('',*,*,#809,.T.);
#1061=ORIENTED_EDGE('',*,*,#812,.T.);
#1062=ORIENTED_EDGE('',*,*,#814,.T.);
#1063=ORIENTED_EDGE('',*,*,#813,.F.);
#1064=ORIENTED_EDGE('',*,*,#810,.F.);
#1065=ORIENTED_EDGE('',*,*,#807,.F.);
#1066=ORIENTED_EDGE('',*,*,#797,.F.);
#1067=ORIENTED_EDGE('',*,*,#815,.T.);
#1068=ORIENTED_EDGE('',*,*,#816,.T.);
#1069=ORIENTED_EDGE('',*,*,#817,.F.);
#1070=ORIENTED_EDGE('',*,*,#818,.F.);
#1071=ORIENTED_EDGE('',*,*,#819,.T.);
#1072=ORIENTED_EDGE('',*,*,#820,.T.);
#1073=ORIENTED_EDGE('',*,*,#821,.F.);
#1074=ORIENTED_EDGE('',*,*,#816,.F.);
#1075=ORIENTED_EDGE('',*,*,#822,.T.);
#1076=ORIENTED_EDGE('',*,*,#823,.T.);
#1077=ORIENTED_EDGE('',*,*,#824,.F.);
#1078=ORIENTED_EDGE('',*,*,#820,.F.);
#1079=ORIENTED_EDGE('',*,*,#825,.T.);
#1080=ORIENTED_EDGE('',*,*,#818,.T.);
#1081=ORIENTED_EDGE('',*,*,#826,.F.);
#1082=ORIENTED_EDGE('',*,*,#823,.F.);
#1083=ORIENTED_EDGE('',*,*,#825,.F.);
#1084=ORIENTED_EDGE('',*,*,#822,.F.);
#1085=ORIENTED_EDGE('',*,*,#819,.F.);
#1086=ORIENTED_EDGE('',*,*,#815,.F.);
#1087=ORIENTED_EDGE('',*,*,#817,.T.);
#1088=ORIENTED_EDGE('',*,*,#821,.T.);
#1089=ORIENTED_EDGE('',*,*,#824,.T.);
#1090=ORIENTED_EDGE('',*,*,#826,.T.);
#1091=ORIENTED_EDGE('',*,*,#827,.T.);
#1092=ORIENTED_EDGE('',*,*,#828,.T.);
#1093=ORIENTED_EDGE('',*,*,#829,.F.);
#1094=ORIENTED_EDGE('',*,*,#830,.F.);
#1095=ORIENTED_EDGE('',*,*,#831,.T.);
#1096=ORIENTED_EDGE('',*,*,#832,.T.);
#1097=ORIENTED_EDGE('',*,*,#833,.F.);
#1098=ORIENTED_EDGE('',*,*,#828,.F.);
#1099=ORIENTED_EDGE('',*,*,#834,.T.);
#1100=ORIENTED_EDGE('',*,*,#835,.T.);
#1101=ORIENTED_EDGE('',*,*,#836,.F.);
#1102=ORIENTED_EDGE('',*,*,#832,.F.);
#1103=ORIENTED_EDGE('',*,*,#837,.T.);
#1104=ORIENTED_EDGE('',*,*,#830,.T.);
#1105=ORIENTED_EDGE('',*,*,#838,.F.);
#1106=ORIENTED_EDGE('',*,*,#835,.F.);
#1107=ORIENTED_EDGE('',*,*,#839,.T.);
#1108=ORIENTED_EDGE('',*,*,#840,.T.);
#1109=ORIENTED_EDGE('',*,*,#841,.F.);
#1110=ORIENTED_EDGE('',*,*,#842,.F.);
#1111=ORIENTED_EDGE('',*,*,#843,.T.);
#1112=ORIENTED_EDGE('',*,*,#844,.T.);
#1113=ORIENTED_EDGE('',*,*,#845,.F.);
#1114=ORIENTED_EDGE('',*,*,#840,.F.);
#1115=ORIENTED_EDGE('',*,*,#846,.T.);
#1116=ORIENTED_EDGE('',*,*,#847,.T.);
#1117=ORIENTED_EDGE('',*,*,#848,.F.);
#1118=ORIENTED_EDGE('',*,*,#844,.F.);
#1119=ORIENTED_EDGE('',*,*,#849,.T.);
#1120=ORIENTED_EDGE('',*,*,#850,.T.);
#1121=ORIENTED_EDGE('',*,*,#851,.F.);
#1122=ORIENTED_EDGE('',*,*,#847,.F.);
#1123=ORIENTED_EDGE('',*,*,#852,.T.);
#1124=ORIENTED_EDGE('',*,*,#853,.T.);
#1125=ORIENTED_EDGE('',*,*,#854,.F.);
#1126=ORIENTED_EDGE('',*,*,#850,.F.);
#1127=ORIENTED_EDGE('',*,*,#855,.T.);
#1128=ORIENTED_EDGE('',*,*,#856,.T.);
#1129=ORIENTED_EDGE('',*,*,#857,.F.);
#1130=ORIENTED_EDGE('',*,*,#853,.F.);
#1131=ORIENTED_EDGE('',*,*,#858,.T.);
#1132=ORIENTED_EDGE('',*,*,#859,.T.);
#1133=ORIENTED_EDGE('',*,*,#860,.F.);
#1134=ORIENTED_EDGE('',*,*,#856,.F.);
#1135=ORIENTED_EDGE('',*,*,#861,.T.);
#1136=ORIENTED_EDGE('',*,*,#842,.T.);
#1137=ORIENTED_EDGE('',*,*,#862,.F.);
#1138=ORIENTED_EDGE('',*,*,#859,.F.);
#1139=ORIENTED_EDGE('',*,*,#863,.T.);
#1140=ORIENTED_EDGE('',*,*,#864,.T.);
#1141=ORIENTED_EDGE('',*,*,#865,.F.);
#1142=ORIENTED_EDGE('',*,*,#866,.F.);
#1143=ORIENTED_EDGE('',*,*,#867,.T.);
#1144=ORIENTED_EDGE('',*,*,#868,.T.);
#1145=ORIENTED_EDGE('',*,*,#869,.F.);
#1146=ORIENTED_EDGE('',*,*,#864,.F.);
#1147=ORIENTED_EDGE('',*,*,#870,.T.);
#1148=ORIENTED_EDGE('',*,*,#871,.T.);
#1149=ORIENTED_EDGE('',*,*,#872,.F.);
#1150=ORIENTED_EDGE('',*,*,#868,.F.);
#1151=ORIENTED_EDGE('',*,*,#873,.T.);
#1152=ORIENTED_EDGE('',*,*,#874,.T.);
#1153=ORIENTED_EDGE('',*,*,#875,.F.);
#1154=ORIENTED_EDGE('',*,*,#871,.F.);
#1155=ORIENTED_EDGE('',*,*,#876,.T.);
#1156=ORIENTED_EDGE('',*,*,#877,.T.);
#1157=ORIENTED_EDGE('',*,*,#878,.F.);
#1158=ORIENTED_EDGE('',*,*,#874,.F.);
#1159=ORIENTED_EDGE('',*,*,#879,.T.);
#1160=ORIENTED_EDGE('',*,*,#880,.T.);
#1161=ORIENTED_EDGE('',*,*,#881,.F.);
#1162=ORIENTED_EDGE('',*,*,#877,.F.);
#1163=ORIENTED_EDGE('',*,*,#882,.T.);
#1164=ORIENTED_EDGE('',*,*,#883,.T.);
#1165=ORIENTED_EDGE('',*,*,#884,.F.);
#1166=ORIENTED_EDGE('',*,*,#880,.F.);
#1167=ORIENTED_EDGE('',*,*,#885,.T.);
#1168=ORIENTED_EDGE('',*,*,#866,.T.);
#1169=ORIENTED_EDGE('',*,*,#886,.F.);
#1170=ORIENTED_EDGE('',*,*,#883,.F.);
#1171=ORIENTED_EDGE('',*,*,#837,.F.);
#1172=ORIENTED_EDGE('',*,*,#834,.F.);
#1173=ORIENTED_EDGE('',*,*,#831,.F.);
#1174=ORIENTED_EDGE('',*,*,#827,.F.);
#1175=ORIENTED_EDGE('',*,*,#861,.F.);
#1176=ORIENTED_EDGE('',*,*,#858,.F.);
#1177=ORIENTED_EDGE('',*,*,#855,.F.);
#1178=ORIENTED_EDGE('',*,*,#852,.F.);
#1179=ORIENTED_EDGE('',*,*,#849,.F.);
#1180=ORIENTED_EDGE('',*,*,#846,.F.);
#1181=ORIENTED_EDGE('',*,*,#843,.F.);
#1182=ORIENTED_EDGE('',*,*,#839,.F.);
#1183=ORIENTED_EDGE('',*,*,#885,.F.);
#1184=ORIENTED_EDGE('',*,*,#882,.F.);
#1185=ORIENTED_EDGE('',*,*,#879,.F.);
#1186=ORIENTED_EDGE('',*,*,#876,.F.);
#1187=ORIENTED_EDGE('',*,*,#873,.F.);
#1188=ORIENTED_EDGE('',*,*,#870,.F.);
#1189=ORIENTED_EDGE('',*,*,#867,.F.);
#1190=ORIENTED_EDGE('',*,*,#863,.F.);
#1191=ORIENTED_EDGE('',*,*,#829,.T.);
#1192=ORIENTED_EDGE('',*,*,#833,.T.);
#1193=ORIENTED_EDGE('',*,*,#836,.T.);
#1194=ORIENTED_EDGE('',*,*,#838,.T.);
#1195=ORIENTED_EDGE('',*,*,#841,.T.);
#1196=ORIENTED_EDGE('',*,*,#845,.T.);
#1197=ORIENTED_EDGE('',*,*,#848,.T.);
#1198=ORIENTED_EDGE('',*,*,#851,.T.);
#1199=ORIENTED_EDGE('',*,*,#854,.T.);
#1200=ORIENTED_EDGE('',*,*,#857,.T.);
#1201=ORIENTED_EDGE('',*,*,#860,.T.);
#1202=ORIENTED_EDGE('',*,*,#862,.T.);
#1203=ORIENTED_EDGE('',*,*,#865,.T.);
#1204=ORIENTED_EDGE('',*,*,#869,.T.);
#1205=ORIENTED_EDGE('',*,*,#872,.T.);
#1206=ORIENTED_EDGE('',*,*,#875,.T.);
#1207=ORIENTED_EDGE('',*,*,#878,.T.);
#1208=ORIENTED_EDGE('',*,*,#881,.T.);
#1209=ORIENTED_EDGE('',*,*,#884,.T.);
#1210=ORIENTED_EDGE('',*,*,#886,.T.);
#1211=ORIENTED_EDGE('',*,*,#887,.T.);
#1212=ORIENTED_EDGE('',*,*,#888,.T.);
#1213=ORIENTED_EDGE('',*,*,#889,.F.);
#1214=ORIENTED_EDGE('',*,*,#890,.F.);
#1215=ORIENTED_EDGE('',*,*,#891,.T.);
#1216=ORIENTED_EDGE('',*,*,#892,.T.);
#1217=ORIENTED_EDGE('',*,*,#893,.F.);
#1218=ORIENTED_EDGE('',*,*,#888,.F.);
#1219=ORIENTED_EDGE('',*,*,#894,.T.);
#1220=ORIENTED_EDGE('',*,*,#895,.T.);
#1221=ORIENTED_EDGE('',*,*,#896,.F.);
#1222=ORIENTED_EDGE('',*,*,#892,.F.);
#1223=ORIENTED_EDGE('',*,*,#897,.T.);
#1224=ORIENTED_EDGE('',*,*,#890,.T.);
#1225=ORIENTED_EDGE('',*,*,#898,.F.);
#1226=ORIENTED_EDGE('',*,*,#895,.F.);
#1227=ORIENTED_EDGE('',*,*,#897,.F.);
#1228=ORIENTED_EDGE('',*,*,#894,.F.);
#1229=ORIENTED_EDGE('',*,*,#891,.F.);
#1230=ORIENTED_EDGE('',*,*,#887,.F.);
#1231=ORIENTED_EDGE('',*,*,#889,.T.);
#1232=ORIENTED_EDGE('',*,*,#893,.T.);
#1233=ORIENTED_EDGE('',*,*,#896,.T.);
#1234=ORIENTED_EDGE('',*,*,#898,.T.);
#1235=ORIENTED_EDGE('',*,*,#899,.T.);
#1236=ORIENTED_EDGE('',*,*,#900,.T.);
#1237=ORIENTED_EDGE('',*,*,#901,.T.);
#1238=ORIENTED_EDGE('',*,*,#902,.T.);
#1239=ORIENTED_EDGE('',*,*,#903,.F.);
#1240=ORIENTED_EDGE('',*,*,#904,.T.);
#1241=ORIENTED_EDGE('',*,*,#905,.T.);
#1242=ORIENTED_EDGE('',*,*,#902,.F.);
#1243=ORIENTED_EDGE('',*,*,#906,.T.);
#1244=ORIENTED_EDGE('',*,*,#907,.F.);
#1245=ORIENTED_EDGE('',*,*,#899,.F.);
#1246=ORIENTED_EDGE('',*,*,#905,.F.);
#1247=ORIENTED_EDGE('',*,*,#908,.T.);
#1248=ORIENTED_EDGE('',*,*,#909,.F.);
#1249=ORIENTED_EDGE('',*,*,#906,.F.);
#1250=ORIENTED_EDGE('',*,*,#904,.F.);
#1251=ORIENTED_EDGE('',*,*,#910,.F.);
#1252=ORIENTED_EDGE('',*,*,#908,.F.);
#1253=ORIENTED_EDGE('',*,*,#903,.T.);
#1254=ORIENTED_EDGE('',*,*,#901,.F.);
#1255=ORIENTED_EDGE('',*,*,#907,.T.);
#1256=ORIENTED_EDGE('',*,*,#909,.T.);
#1257=ORIENTED_EDGE('',*,*,#910,.T.);
#1258=ORIENTED_EDGE('',*,*,#900,.F.);
#1259=ORIENTED_EDGE('',*,*,#911,.T.);
#1260=ORIENTED_EDGE('',*,*,#912,.T.);
#1261=ORIENTED_EDGE('',*,*,#913,.T.);
#1262=ORIENTED_EDGE('',*,*,#914,.T.);
#1263=ORIENTED_EDGE('',*,*,#915,.F.);
#1264=ORIENTED_EDGE('',*,*,#916,.T.);
#1265=ORIENTED_EDGE('',*,*,#917,.T.);
#1266=ORIENTED_EDGE('',*,*,#914,.F.);
#1267=ORIENTED_EDGE('',*,*,#918,.T.);
#1268=ORIENTED_EDGE('',*,*,#919,.F.);
#1269=ORIENTED_EDGE('',*,*,#911,.F.);
#1270=ORIENTED_EDGE('',*,*,#917,.F.);
#1271=ORIENTED_EDGE('',*,*,#920,.T.);
#1272=ORIENTED_EDGE('',*,*,#921,.F.);
#1273=ORIENTED_EDGE('',*,*,#918,.F.);
#1274=ORIENTED_EDGE('',*,*,#916,.F.);
#1275=ORIENTED_EDGE('',*,*,#922,.F.);
#1276=ORIENTED_EDGE('',*,*,#920,.F.);
#1277=ORIENTED_EDGE('',*,*,#915,.T.);
#1278=ORIENTED_EDGE('',*,*,#913,.F.);
#1279=ORIENTED_EDGE('',*,*,#919,.T.);
#1280=ORIENTED_EDGE('',*,*,#921,.T.);
#1281=ORIENTED_EDGE('',*,*,#922,.T.);
#1282=ORIENTED_EDGE('',*,*,#912,.F.);
#1283=PLANE('',#1598);
#1284=PLANE('',#1599);
#1285=PLANE('',#1600);
#1286=PLANE('',#1601);
#1287=PLANE('',#1602);
#1288=PLANE('',#1603);
#1289=PLANE('',#1604);
#1290=PLANE('',#1605);
#1291=PLANE('',#1606);
#1292=PLANE('',#1607);
#1293=PLANE('',#1608);
#1294=PLANE('',#1610);
#1295=PLANE('',#1611);
#1296=PLANE('',#1612);
#1297=PLANE('',#1613);
#1298=PLANE('',#1614);
#1299=PLANE('',#1615);
#1300=PLANE('',#1616);
#1301=PLANE('',#1617);
#1302=PLANE('',#1618);
#1303=PLANE('',#1619);
#1304=PLANE('',#1620);
#1305=PLANE('',#1622);
#1306=PLANE('',#1623);
#1307=PLANE('',#1624);
#1308=PLANE('',#1625);
#1309=PLANE('',#1626);
#1310=PLANE('',#1627);
#1311=PLANE('',#1628);
#1312=PLANE('',#1629);
#1313=PLANE('',#1630);
#1314=PLANE('',#1631);
#1315=PLANE('',#1632);
#1316=PLANE('',#1634);
#1317=PLANE('',#1635);
#1318=PLANE('',#1636);
#1319=PLANE('',#1637);
#1320=PLANE('',#1638);
#1321=PLANE('',#1639);
#1322=PLANE('',#1641);
#1323=PLANE('',#1642);
#1324=PLANE('',#1643);
#1325=PLANE('',#1644);
#1326=PLANE('',#1648);
#1327=PLANE('',#1652);
#1328=PLANE('',#1656);
#1329=PLANE('',#1660);
#1330=PLANE('',#1664);
#1331=PLANE('',#1668);
#1332=PLANE('',#1672);
#1333=PLANE('',#1676);
#1334=PLANE('',#1677);
#1335=PLANE('',#1678);
#1336=PLANE('',#1680);
#1337=PLANE('',#1681);
#1338=PLANE('',#1682);
#1339=PLANE('',#1683);
#1340=PLANE('',#1684);
#1341=PLANE('',#1685);
#1342=PLANE('',#1688);
#1343=PLANE('',#1689);
#1344=PLANE('',#1690);
#1345=PLANE('',#1691);
#1346=PLANE('',#1692);
#1347=PLANE('',#1693);
#1348=PLANE('',#1696);
#1349=PLANE('',#1697);
#1350=PLANE('',#1698);
#1351=PLANE('',#1699);
#1352=PLANE('',#1700);
#1353=PLANE('',#1701);
#1354=ADVANCED_FACE('',(#130),#1283,.T.);
#1355=ADVANCED_FACE('',(#131),#1284,.T.);
#1356=ADVANCED_FACE('',(#132),#1285,.T.);
#1357=ADVANCED_FACE('',(#133,#123),#1286,.T.);
#1358=ADVANCED_FACE('',(#134),#1287,.F.);
#1359=ADVANCED_FACE('',(#135),#1288,.T.);
#1360=ADVANCED_FACE('',(#136),#1289,.F.);
#1361=ADVANCED_FACE('',(#137),#1290,.F.);
#1362=ADVANCED_FACE('',(#138),#1291,.F.);
#1363=ADVANCED_FACE('',(#139),#1292,.F.);
#1364=ADVANCED_FACE('',(#140),#1293,.F.);
#1365=ADVANCED_FACE('',(#141),#1294,.T.);
#1366=ADVANCED_FACE('',(#142),#1295,.T.);
#1367=ADVANCED_FACE('',(#143,#124),#1296,.T.);
#1368=ADVANCED_FACE('',(#144),#1297,.T.);
#1369=ADVANCED_FACE('',(#145),#1298,.F.);
#1370=ADVANCED_FACE('',(#146),#1299,.T.);
#1371=ADVANCED_FACE('',(#147),#1300,.F.);
#1372=ADVANCED_FACE('',(#148),#1301,.F.);
#1373=ADVANCED_FACE('',(#149),#1302,.F.);
#1374=ADVANCED_FACE('',(#150),#1303,.T.);
#1375=ADVANCED_FACE('',(#151),#1304,.F.);
#1376=ADVANCED_FACE('',(#152,#125),#1305,.T.);
#1377=ADVANCED_FACE('',(#153),#1306,.T.);
#1378=ADVANCED_FACE('',(#154),#1307,.T.);
#1379=ADVANCED_FACE('',(#155),#1308,.T.);
#1380=ADVANCED_FACE('',(#156),#1309,.F.);
#1381=ADVANCED_FACE('',(#157),#1310,.T.);
#1382=ADVANCED_FACE('',(#158),#1311,.F.);
#1383=ADVANCED_FACE('',(#159),#1312,.F.);
#1384=ADVANCED_FACE('',(#160),#1313,.F.);
#1385=ADVANCED_FACE('',(#161),#1314,.T.);
#1386=ADVANCED_FACE('',(#162),#1315,.F.);
#1387=ADVANCED_FACE('',(#163),#1316,.T.);
#1388=ADVANCED_FACE('',(#164),#1317,.T.);
#1389=ADVANCED_FACE('',(#165),#1318,.T.);
#1390=ADVANCED_FACE('',(#166),#1319,.T.);
#1391=ADVANCED_FACE('',(#167),#1320,.F.);
#1392=ADVANCED_FACE('',(#168),#1321,.T.);
#1393=ADVANCED_FACE('',(#169),#1322,.T.);
#1394=ADVANCED_FACE('',(#170),#1323,.T.);
#1395=ADVANCED_FACE('',(#171),#1324,.T.);
#1396=ADVANCED_FACE('',(#172),#1325,.T.);
#1397=ADVANCED_FACE('',(#173),#83,.F.);
#1398=ADVANCED_FACE('',(#174),#1326,.T.);
#1399=ADVANCED_FACE('',(#175),#84,.F.);
#1400=ADVANCED_FACE('',(#176),#1327,.T.);
#1401=ADVANCED_FACE('',(#177),#85,.F.);
#1402=ADVANCED_FACE('',(#178),#1328,.T.);
#1403=ADVANCED_FACE('',(#179),#86,.F.);
#1404=ADVANCED_FACE('',(#180),#1329,.T.);
#1405=ADVANCED_FACE('',(#181),#87,.F.);
#1406=ADVANCED_FACE('',(#182),#1330,.T.);
#1407=ADVANCED_FACE('',(#183),#88,.F.);
#1408=ADVANCED_FACE('',(#184),#1331,.T.);
#1409=ADVANCED_FACE('',(#185),#89,.F.);
#1410=ADVANCED_FACE('',(#186),#1332,.T.);
#1411=ADVANCED_FACE('',(#187),#90,.F.);
#1412=ADVANCED_FACE('',(#188),#1333,.T.);
#1413=ADVANCED_FACE('',(#189,#126,#127),#1334,.F.);
#1414=ADVANCED_FACE('',(#190,#128,#129),#1335,.T.);
#1415=ADVANCED_FACE('',(#191),#1336,.T.);
#1416=ADVANCED_FACE('',(#192),#1337,.T.);
#1417=ADVANCED_FACE('',(#193),#1338,.T.);
#1418=ADVANCED_FACE('',(#194),#1339,.T.);
#1419=ADVANCED_FACE('',(#195),#1340,.F.);
#1420=ADVANCED_FACE('',(#196),#1341,.T.);
#1421=ADVANCED_FACE('',(#197),#1342,.T.);
#1422=ADVANCED_FACE('',(#198),#1343,.T.);
#1423=ADVANCED_FACE('',(#199),#1344,.T.);
#1424=ADVANCED_FACE('',(#200),#1345,.T.);
#1425=ADVANCED_FACE('',(#201),#1346,.T.);
#1426=ADVANCED_FACE('',(#202),#1347,.T.);
#1427=ADVANCED_FACE('',(#203),#1348,.T.);
#1428=ADVANCED_FACE('',(#204),#1349,.T.);
#1429=ADVANCED_FACE('',(#205),#1350,.T.);
#1430=ADVANCED_FACE('',(#206),#1351,.T.);
#1431=ADVANCED_FACE('',(#207),#1352,.T.);
#1432=ADVANCED_FACE('',(#208),#1353,.T.);
#1433=CLOSED_SHELL('',(#1354,#1355,#1356,#1357,#1358,#1359,#1360,#1361,
#1362,#1363,#1364));
#1434=CLOSED_SHELL('',(#1365,#1366,#1367,#1368,#1369,#1370,#1371,#1372,
#1373,#1374,#1375));
#1435=CLOSED_SHELL('',(#1376,#1377,#1378,#1379,#1380,#1381,#1382,#1383,
#1384,#1385,#1386));
#1436=CLOSED_SHELL('',(#1387,#1388,#1389,#1390,#1391,#1392));
#1437=CLOSED_SHELL('',(#1393,#1394,#1395,#1396,#1397,#1398,#1399,#1400,
#1401,#1402,#1403,#1404,#1405,#1406,#1407,#1408,#1409,#1410,#1411,#1412,
#1413,#1414));
#1438=CLOSED_SHELL('',(#1415,#1416,#1417,#1418,#1419,#1420));
#1439=CLOSED_SHELL('',(#1421,#1422,#1423,#1424,#1425,#1426));
#1440=CLOSED_SHELL('',(#1427,#1428,#1429,#1430,#1431,#1432));
#1441=DERIVED_UNIT_ELEMENT(#1469,1.);
#1442=DERIVED_UNIT_ELEMENT(#2573,-3.);
#1443=DERIVED_UNIT_ELEMENT(#1469,1.);
#1444=DERIVED_UNIT_ELEMENT(#2573,-3.);
#1445=DERIVED_UNIT_ELEMENT(#1469,1.);
#1446=DERIVED_UNIT_ELEMENT(#2573,-3.);
#1447=DERIVED_UNIT_ELEMENT(#1469,1.);
#1448=DERIVED_UNIT_ELEMENT(#2573,-3.);
#1449=DERIVED_UNIT_ELEMENT(#1469,1.);
#1450=DERIVED_UNIT_ELEMENT(#2573,-3.);
#1451=DERIVED_UNIT_ELEMENT(#1469,1.);
#1452=DERIVED_UNIT_ELEMENT(#2573,-3.);
#1453=DERIVED_UNIT_ELEMENT(#1469,1.);
#1454=DERIVED_UNIT_ELEMENT(#2573,-3.);
#1455=DERIVED_UNIT_ELEMENT(#1469,1.);
#1456=DERIVED_UNIT_ELEMENT(#2573,-3.);
#1457=DERIVED_UNIT_ELEMENT(#1469,1.);
#1458=DERIVED_UNIT_ELEMENT(#2573,-3.);
#1459=DERIVED_UNIT_ELEMENT(#1469,1.);
#1460=DERIVED_UNIT_ELEMENT(#2573,-3.);
#1461=DERIVED_UNIT_ELEMENT(#1469,1.);
#1462=DERIVED_UNIT_ELEMENT(#2573,-3.);
#1463=DERIVED_UNIT_ELEMENT(#1469,1.);
#1464=DERIVED_UNIT_ELEMENT(#2573,-3.);
#1465=DERIVED_UNIT_ELEMENT(#1469,1.);
#1466=DERIVED_UNIT_ELEMENT(#2573,-3.);
#1467=DERIVED_UNIT_ELEMENT(#1469,1.);
#1468=DERIVED_UNIT_ELEMENT(#2573,-3.);
#1469=(
MASS_UNIT()
NAMED_UNIT(*)
SI_UNIT(.KILO.,.GRAM.)
);
#1470=DERIVED_UNIT((#1441,#1442));
#1471=DERIVED_UNIT((#1443,#1444));
#1472=DERIVED_UNIT((#1445,#1446));
#1473=DERIVED_UNIT((#1447,#1448));
#1474=DERIVED_UNIT((#1449,#1450));
#1475=DERIVED_UNIT((#1451,#1452));
#1476=DERIVED_UNIT((#1453,#1454));
#1477=DERIVED_UNIT((#1455,#1456));
#1478=DERIVED_UNIT((#1457,#1458));
#1479=DERIVED_UNIT((#1459,#1460));
#1480=DERIVED_UNIT((#1461,#1462));
#1481=DERIVED_UNIT((#1463,#1464));
#1482=DERIVED_UNIT((#1465,#1466));
#1483=DERIVED_UNIT((#1467,#1468));
#1484=MEASURE_REPRESENTATION_ITEM('density measure',
POSITIVE_RATIO_MEASURE(7850.),#1470);
#1485=MEASURE_REPRESENTATION_ITEM('density measure',
POSITIVE_RATIO_MEASURE(7850.),#1471);
#1486=MEASURE_REPRESENTATION_ITEM('density measure',
POSITIVE_RATIO_MEASURE(7850.),#1472);
#1487=MEASURE_REPRESENTATION_ITEM('density measure',
POSITIVE_RATIO_MEASURE(7850.),#1473);
#1488=MEASURE_REPRESENTATION_ITEM('density measure',
POSITIVE_RATIO_MEASURE(7850.),#1474);
#1489=MEASURE_REPRESENTATION_ITEM('density measure',
POSITIVE_RATIO_MEASURE(7850.),#1475);
#1490=MEASURE_REPRESENTATION_ITEM('density measure',
POSITIVE_RATIO_MEASURE(7850.),#1476);
#1491=MEASURE_REPRESENTATION_ITEM('density measure',
POSITIVE_RATIO_MEASURE(7850.),#1477);
#1492=MEASURE_REPRESENTATION_ITEM('density measure',
POSITIVE_RATIO_MEASURE(7850.),#1478);
#1493=MEASURE_REPRESENTATION_ITEM('density measure',
POSITIVE_RATIO_MEASURE(7850.),#1479);
#1494=MEASURE_REPRESENTATION_ITEM('density measure',
POSITIVE_RATIO_MEASURE(7850.),#1480);
#1495=MEASURE_REPRESENTATION_ITEM('density measure',
POSITIVE_RATIO_MEASURE(7850.),#1481);
#1496=MEASURE_REPRESENTATION_ITEM('density measure',
POSITIVE_RATIO_MEASURE(7850.),#1482);
#1497=MEASURE_REPRESENTATION_ITEM('density measure',
POSITIVE_RATIO_MEASURE(7850.),#1483);
#1498=PROPERTY_DEFINITION_REPRESENTATION(#1568,#1526);
#1499=PROPERTY_DEFINITION_REPRESENTATION(#1569,#1527);
#1500=PROPERTY_DEFINITION_REPRESENTATION(#1570,#1528);
#1501=PROPERTY_DEFINITION_REPRESENTATION(#1571,#1529);
#1502=PROPERTY_DEFINITION_REPRESENTATION(#1572,#1530);
#1503=PROPERTY_DEFINITION_REPRESENTATION(#1573,#1531);
#1504=PROPERTY_DEFINITION_REPRESENTATION(#1574,#1532);
#1505=PROPERTY_DEFINITION_REPRESENTATION(#1575,#1533);
#1506=PROPERTY_DEFINITION_REPRESENTATION(#1576,#1534);
#1507=PROPERTY_DEFINITION_REPRESENTATION(#1577,#1535);
#1508=PROPERTY_DEFINITION_REPRESENTATION(#1578,#1536);
#1509=PROPERTY_DEFINITION_REPRESENTATION(#1579,#1537);
#1510=PROPERTY_DEFINITION_REPRESENTATION(#1580,#1538);
#1511=PROPERTY_DEFINITION_REPRESENTATION(#1581,#1539);
#1512=PROPERTY_DEFINITION_REPRESENTATION(#1582,#1540);
#1513=PROPERTY_DEFINITION_REPRESENTATION(#1583,#1541);
#1514=PROPERTY_DEFINITION_REPRESENTATION(#1584,#1542);
#1515=PROPERTY_DEFINITION_REPRESENTATION(#1585,#1543);
#1516=PROPERTY_DEFINITION_REPRESENTATION(#1586,#1544);
#1517=PROPERTY_DEFINITION_REPRESENTATION(#1587,#1545);
#1518=PROPERTY_DEFINITION_REPRESENTATION(#1588,#1546);
#1519=PROPERTY_DEFINITION_REPRESENTATION(#1589,#1547);
#1520=PROPERTY_DEFINITION_REPRESENTATION(#1590,#1548);
#1521=PROPERTY_DEFINITION_REPRESENTATION(#1591,#1549);
#1522=PROPERTY_DEFINITION_REPRESENTATION(#1592,#1550);
#1523=PROPERTY_DEFINITION_REPRESENTATION(#1593,#1551);
#1524=PROPERTY_DEFINITION_REPRESENTATION(#1594,#1552);
#1525=PROPERTY_DEFINITION_REPRESENTATION(#1595,#1553);
#1526=REPRESENTATION('material name',(#1554),#2557);
#1527=REPRESENTATION('density',(#1484),#2557);
#1528=REPRESENTATION('material name',(#1555),#2558);
#1529=REPRESENTATION('density',(#1485),#2558);
#1530=REPRESENTATION('material name',(#1556),#2559);
#1531=REPRESENTATION('density',(#1486),#2559);
#1532=REPRESENTATION('material name',(#1557),#2560);
#1533=REPRESENTATION('density',(#1487),#2560);
#1534=REPRESENTATION('material name',(#1558),#2561);
#1535=REPRESENTATION('density',(#1488),#2561);
#1536=REPRESENTATION('material name',(#1559),#2562);
#1537=REPRESENTATION('density',(#1489),#2562);
#1538=REPRESENTATION('material name',(#1560),#2563);
#1539=REPRESENTATION('density',(#1490),#2563);
#1540=REPRESENTATION('material name',(#1561),#2564);
#1541=REPRESENTATION('density',(#1491),#2564);
#1542=REPRESENTATION('material name',(#1562),#2565);
#1543=REPRESENTATION('density',(#1492),#2565);
#1544=REPRESENTATION('material name',(#1563),#2566);
#1545=REPRESENTATION('density',(#1493),#2566);
#1546=REPRESENTATION('material name',(#1564),#2567);
#1547=REPRESENTATION('density',(#1494),#2567);
#1548=REPRESENTATION('material name',(#1565),#2568);
#1549=REPRESENTATION('density',(#1495),#2568);
#1550=REPRESENTATION('material name',(#1566),#2569);
#1551=REPRESENTATION('density',(#1496),#2569);
#1552=REPRESENTATION('material name',(#1567),#2570);
#1553=REPRESENTATION('density',(#1497),#2570);
#1554=DESCRIPTIVE_REPRESENTATION_ITEM('Steel','Steel');
#1555=DESCRIPTIVE_REPRESENTATION_ITEM('Steel','Steel');
#1556=DESCRIPTIVE_REPRESENTATION_ITEM('Steel','Steel');
#1557=DESCRIPTIVE_REPRESENTATION_ITEM('Steel','Steel');
#1558=DESCRIPTIVE_REPRESENTATION_ITEM('Steel','Steel');
#1559=DESCRIPTIVE_REPRESENTATION_ITEM('Steel','Steel');
#1560=DESCRIPTIVE_REPRESENTATION_ITEM('Steel','Steel');
#1561=DESCRIPTIVE_REPRESENTATION_ITEM('Steel','Steel');
#1562=DESCRIPTIVE_REPRESENTATION_ITEM('Steel','Steel');
#1563=DESCRIPTIVE_REPRESENTATION_ITEM('Steel','Steel');
#1564=DESCRIPTIVE_REPRESENTATION_ITEM('Steel','Steel');
#1565=DESCRIPTIVE_REPRESENTATION_ITEM('Steel','Steel');
#1566=DESCRIPTIVE_REPRESENTATION_ITEM('Steel','Steel');
#1567=DESCRIPTIVE_REPRESENTATION_ITEM('Steel','Steel');
#1568=PROPERTY_DEFINITION('material property','material name',#2637);
#1569=PROPERTY_DEFINITION('material property','density of part',#2637);
#1570=PROPERTY_DEFINITION('material property','material name',#2638);
#1571=PROPERTY_DEFINITION('material property','density of part',#2638);
#1572=PROPERTY_DEFINITION('material property','material name',#2639);
#1573=PROPERTY_DEFINITION('material property','density of part',#2639);
#1574=PROPERTY_DEFINITION('material property','material name',#2640);
#1575=PROPERTY_DEFINITION('material property','density of part',#2640);
#1576=PROPERTY_DEFINITION('material property','material name',#2641);
#1577=PROPERTY_DEFINITION('material property','density of part',#2641);
#1578=PROPERTY_DEFINITION('material property','material name',#2642);
#1579=PROPERTY_DEFINITION('material property','density of part',#2642);
#1580=PROPERTY_DEFINITION('material property','material name',#2643);
#1581=PROPERTY_DEFINITION('material property','density of part',#2643);
#1582=PROPERTY_DEFINITION('material property','material name',#2644);
#1583=PROPERTY_DEFINITION('material property','density of part',#2644);
#1584=PROPERTY_DEFINITION('material property','material name',#2645);
#1585=PROPERTY_DEFINITION('material property','density of part',#2645);
#1586=PROPERTY_DEFINITION('material property','material name',#2646);
#1587=PROPERTY_DEFINITION('material property','density of part',#2646);
#1588=PROPERTY_DEFINITION('material property','material name',#2647);
#1589=PROPERTY_DEFINITION('material property','density of part',#2647);
#1590=PROPERTY_DEFINITION('material property','material name',#2648);
#1591=PROPERTY_DEFINITION('material property','density of part',#2648);
#1592=PROPERTY_DEFINITION('material property','material name',#2649);
#1593=PROPERTY_DEFINITION('material property','density of part',#2649);
#1594=PROPERTY_DEFINITION('material property','material name',#2650);
#1595=PROPERTY_DEFINITION('material property','density of part',#2650);
#1596=AXIS2_PLACEMENT_3D('',#2132,#1720,#1721);
#1597=AXIS2_PLACEMENT_3D('',#2133,#1722,#1723);
#1598=AXIS2_PLACEMENT_3D('',#2134,#1724,#1725);
#1599=AXIS2_PLACEMENT_3D('',#2143,#1730,#1731);
#1600=AXIS2_PLACEMENT_3D('',#2149,#1735,#1736);
#1601=AXIS2_PLACEMENT_3D('',#2155,#1740,#1741);
#1602=AXIS2_PLACEMENT_3D('',#2166,#1748,#1749);
#1603=AXIS2_PLACEMENT_3D('',#2167,#1750,#1751);
#1604=AXIS2_PLACEMENT_3D('',#2168,#1752,#1753);
#1605=AXIS2_PLACEMENT_3D('',#2174,#1757,#1758);
#1606=AXIS2_PLACEMENT_3D('',#2178,#1761,#1762);
#1607=AXIS2_PLACEMENT_3D('',#2182,#1765,#1766);
#1608=AXIS2_PLACEMENT_3D('',#2184,#1768,#1769);
#1609=AXIS2_PLACEMENT_3D('',#2185,#1770,#1771);
#1610=AXIS2_PLACEMENT_3D('',#2186,#1772,#1773);
#1611=AXIS2_PLACEMENT_3D('',#2195,#1778,#1779);
#1612=AXIS2_PLACEMENT_3D('',#2201,#1783,#1784);
#1613=AXIS2_PLACEMENT_3D('',#2215,#1792,#1793);
#1614=AXIS2_PLACEMENT_3D('',#2218,#1796,#1797);
#1615=AXIS2_PLACEMENT_3D('',#2219,#1798,#1799);
#1616=AXIS2_PLACEMENT_3D('',#2220,#1800,#1801);
#1617=AXIS2_PLACEMENT_3D('',#2229,#1806,#1807);
#1618=AXIS2_PLACEMENT_3D('',#2232,#1810,#1811);
#1619=AXIS2_PLACEMENT_3D('',#2235,#1814,#1815);
#1620=AXIS2_PLACEMENT_3D('',#2236,#1816,#1817);
#1621=AXIS2_PLACEMENT_3D('',#2237,#1818,#1819);
#1622=AXIS2_PLACEMENT_3D('',#2238,#1820,#1821);
#1623=AXIS2_PLACEMENT_3D('',#2255,#1830,#1831);
#1624=AXIS2_PLACEMENT_3D('',#2261,#1835,#1836);
#1625=AXIS2_PLACEMENT_3D('',#2267,#1840,#1841);
#1626=AXIS2_PLACEMENT_3D('',#2270,#1844,#1845);
#1627=AXIS2_PLACEMENT_3D('',#2271,#1846,#1847);
#1628=AXIS2_PLACEMENT_3D('',#2272,#1848,#1849);
#1629=AXIS2_PLACEMENT_3D('',#2278,#1853,#1854);
#1630=AXIS2_PLACEMENT_3D('',#2284,#1858,#1859);
#1631=AXIS2_PLACEMENT_3D('',#2287,#1862,#1863);
#1632=AXIS2_PLACEMENT_3D('',#2288,#1864,#1865);
#1633=AXIS2_PLACEMENT_3D('',#2289,#1866,#1867);
#1634=AXIS2_PLACEMENT_3D('',#2290,#1868,#1869);
#1635=AXIS2_PLACEMENT_3D('',#2299,#1874,#1875);
#1636=AXIS2_PLACEMENT_3D('',#2305,#1879,#1880);
#1637=AXIS2_PLACEMENT_3D('',#2311,#1884,#1885);
#1638=AXIS2_PLACEMENT_3D('',#2314,#1888,#1889);
#1639=AXIS2_PLACEMENT_3D('',#2315,#1890,#1891);
#1640=AXIS2_PLACEMENT_3D('',#2316,#1892,#1893);
#1641=AXIS2_PLACEMENT_3D('',#2317,#1894,#1895);
#1642=AXIS2_PLACEMENT_3D('',#2326,#1900,#1901);
#1643=AXIS2_PLACEMENT_3D('',#2332,#1905,#1906);
#1644=AXIS2_PLACEMENT_3D('',#2338,#1910,#1911);
#1645=AXIS2_PLACEMENT_3D('',#2341,#1914,#1915);
#1646=AXIS2_PLACEMENT_3D('',#2344,#1916,#1917);
#1647=AXIS2_PLACEMENT_3D('',#2348,#1919,#1920);
#1648=AXIS2_PLACEMENT_3D('',#2350,#1922,#1923);
#1649=AXIS2_PLACEMENT_3D('',#2356,#1927,#1928);
#1650=AXIS2_PLACEMENT_3D('',#2358,#1929,#1930);
#1651=AXIS2_PLACEMENT_3D('',#2361,#1932,#1933);
#1652=AXIS2_PLACEMENT_3D('',#2362,#1934,#1935);
#1653=AXIS2_PLACEMENT_3D('',#2368,#1939,#1940);
#1654=AXIS2_PLACEMENT_3D('',#2370,#1941,#1942);
#1655=AXIS2_PLACEMENT_3D('',#2373,#1944,#1945);
#1656=AXIS2_PLACEMENT_3D('',#2374,#1946,#1947);
#1657=AXIS2_PLACEMENT_3D('',#2380,#1951,#1952);
#1658=AXIS2_PLACEMENT_3D('',#2382,#1953,#1954);
#1659=AXIS2_PLACEMENT_3D('',#2385,#1956,#1957);
#1660=AXIS2_PLACEMENT_3D('',#2386,#1958,#1959);
#1661=AXIS2_PLACEMENT_3D('',#2389,#1962,#1963);
#1662=AXIS2_PLACEMENT_3D('',#2392,#1964,#1965);
#1663=AXIS2_PLACEMENT_3D('',#2396,#1967,#1968);
#1664=AXIS2_PLACEMENT_3D('',#2398,#1970,#1971);
#1665=AXIS2_PLACEMENT_3D('',#2404,#1975,#1976);
#1666=AXIS2_PLACEMENT_3D('',#2406,#1977,#1978);
#1667=AXIS2_PLACEMENT_3D('',#2409,#1980,#1981);
#1668=AXIS2_PLACEMENT_3D('',#2410,#1982,#1983);
#1669=AXIS2_PLACEMENT_3D('',#2416,#1987,#1988);
#1670=AXIS2_PLACEMENT_3D('',#2418,#1989,#1990);
#1671=AXIS2_PLACEMENT_3D('',#2421,#1992,#1993);
#1672=AXIS2_PLACEMENT_3D('',#2422,#1994,#1995);
#1673=AXIS2_PLACEMENT_3D('',#2428,#1999,#2000);
#1674=AXIS2_PLACEMENT_3D('',#2430,#2001,#2002);
#1675=AXIS2_PLACEMENT_3D('',#2433,#2004,#2005);
#1676=AXIS2_PLACEMENT_3D('',#2434,#2006,#2007);
#1677=AXIS2_PLACEMENT_3D('',#2437,#2010,#2011);
#1678=AXIS2_PLACEMENT_3D('',#2438,#2012,#2013);
#1679=AXIS2_PLACEMENT_3D('',#2439,#2014,#2015);
#1680=AXIS2_PLACEMENT_3D('',#2440,#2016,#2017);
#1681=AXIS2_PLACEMENT_3D('',#2449,#2022,#2023);
#1682=AXIS2_PLACEMENT_3D('',#2455,#2027,#2028);
#1683=AXIS2_PLACEMENT_3D('',#2461,#2032,#2033);
#1684=AXIS2_PLACEMENT_3D('',#2464,#2036,#2037);
#1685=AXIS2_PLACEMENT_3D('',#2465,#2038,#2039);
#1686=AXIS2_PLACEMENT_3D('',#2466,#2040,#2041);
#1687=AXIS2_PLACEMENT_3D('',#2467,#2042,#2043);
#1688=AXIS2_PLACEMENT_3D('',#2468,#2044,#2045);
#1689=AXIS2_PLACEMENT_3D('',#2477,#2050,#2051);
#1690=AXIS2_PLACEMENT_3D('',#2483,#2055,#2056);
#1691=AXIS2_PLACEMENT_3D('',#2487,#2059,#2060);
#1692=AXIS2_PLACEMENT_3D('',#2491,#2063,#2064);
#1693=AXIS2_PLACEMENT_3D('',#2493,#2066,#2067);
#1694=AXIS2_PLACEMENT_3D('',#2494,#2068,#2069);
#1695=AXIS2_PLACEMENT_3D('',#2495,#2070,#2071);
#1696=AXIS2_PLACEMENT_3D('',#2496,#2072,#2073);
#1697=AXIS2_PLACEMENT_3D('',#2505,#2078,#2079);
#1698=AXIS2_PLACEMENT_3D('',#2511,#2083,#2084);
#1699=AXIS2_PLACEMENT_3D('',#2515,#2087,#2088);
#1700=AXIS2_PLACEMENT_3D('',#2519,#2091,#2092);
#1701=AXIS2_PLACEMENT_3D('',#2521,#2094,#2095);
#1702=AXIS2_PLACEMENT_3D('',#2522,#2096,#2097);
#1703=AXIS2_PLACEMENT_3D('',#2523,#2098,#2099);
#1704=AXIS2_PLACEMENT_3D('',#2524,#2100,#2101);
#1705=AXIS2_PLACEMENT_3D('',#2525,#2102,#2103);
#1706=AXIS2_PLACEMENT_3D('',#2526,#2104,#2105);
#1707=AXIS2_PLACEMENT_3D('',#2527,#2106,#2107);
#1708=AXIS2_PLACEMENT_3D('',#2528,#2108,#2109);
#1709=AXIS2_PLACEMENT_3D('',#2529,#2110,#2111);
#1710=AXIS2_PLACEMENT_3D('',#2530,#2112,#2113);
#1711=AXIS2_PLACEMENT_3D('',#2531,#2114,#2115);
#1712=AXIS2_PLACEMENT_3D('',#2532,#2116,#2117);
#1713=AXIS2_PLACEMENT_3D('',#2533,#2118,#2119);
#1714=AXIS2_PLACEMENT_3D('',#2534,#2120,#2121);
#1715=AXIS2_PLACEMENT_3D('',#2535,#2122,#2123);
#1716=AXIS2_PLACEMENT_3D('',#2536,#2124,#2125);
#1717=AXIS2_PLACEMENT_3D('',#2537,#2126,#2127);
#1718=AXIS2_PLACEMENT_3D('',#2538,#2128,#2129);
#1719=AXIS2_PLACEMENT_3D('',#2539,#2130,#2131);
#1720=DIRECTION('axis',(0.,0.,1.));
#1721=DIRECTION('refdir',(1.,0.,0.));
#1722=DIRECTION('axis',(0.,0.,1.));
#1723=DIRECTION('refdir',(1.,0.,0.));
#1724=DIRECTION('center_axis',(-1.22464679914735E-16,-2.22044604925031E-16,
-1.));
#1725=DIRECTION('ref_axis',(0.,1.,-2.22044604925031E-16));
#1726=DIRECTION('',(-1.,2.71926214689378E-32,1.22464679914735E-16));
#1727=DIRECTION('',(0.,1.,-2.22044604925031E-16));
#1728=DIRECTION('',(-1.,2.71926214689378E-32,1.22464679914735E-16));
#1729=DIRECTION('',(0.,1.,-2.22044604925031E-16));
#1730=DIRECTION('center_axis',(-1.,2.71926214689378E-32,1.22464679914735E-16));
#1731=DIRECTION('ref_axis',(-1.22464679914735E-16,-2.22044604925031E-16,
-1.));
#1732=DIRECTION('',(1.22464679914735E-16,2.22044604925031E-16,1.));
#1733=DIRECTION('',(0.,1.,-2.22044604925031E-16));
#1734=DIRECTION('',(1.22464679914735E-16,2.22044604925031E-16,1.));
#1735=DIRECTION('center_axis',(1.22464679914735E-16,2.22044604925031E-16,
1.));
#1736=DIRECTION('ref_axis',(0.,-1.,2.22044604925031E-16));
#1737=DIRECTION('',(1.,-2.71926214689378E-32,-1.22464679914735E-16));
#1738=DIRECTION('',(0.,1.,-2.22044604925031E-16));
#1739=DIRECTION('',(1.,-2.71926214689378E-32,-1.22464679914735E-16));
#1740=DIRECTION('center_axis',(1.,-2.71926214689378E-32,-1.22464679914735E-16));
#1741=DIRECTION('ref_axis',(1.22464679914735E-16,2.22044604925031E-16,1.));
#1742=DIRECTION('',(-1.22464679914735E-16,-2.22044604925031E-16,-1.));
#1743=DIRECTION('',(-1.22464679914735E-16,-2.22044604925031E-16,-1.));
#1744=DIRECTION('',(1.22464679914735E-16,2.22044604925031E-16,1.));
#1745=DIRECTION('',(0.,1.,-2.22044604925031E-16));
#1746=DIRECTION('',(-1.22464679914735E-16,-2.22044604925031E-16,-1.));
#1747=DIRECTION('',(0.,-1.,2.22044604925031E-16));
#1748=DIRECTION('center_axis',(0.,1.,-2.22044604925031E-16));
#1749=DIRECTION('ref_axis',(1.,-2.71926214689378E-32,-1.22464679914735E-16));
#1750=DIRECTION('center_axis',(0.,1.,-2.22044604925031E-16));
#1751=DIRECTION('ref_axis',(1.,-2.71926214689378E-32,-1.22464679914735E-16));
#1752=DIRECTION('center_axis',(0.,-1.,2.22044604925031E-16));
#1753=DIRECTION('ref_axis',(-1.,2.71926214689378E-32,1.22464679914735E-16));
#1754=DIRECTION('',(-1.,2.71926214689378E-32,1.22464679914735E-16));
#1755=DIRECTION('',(1.22464679914735E-16,2.22044604925031E-16,1.));
#1756=DIRECTION('',(-1.,2.71926214689378E-32,1.22464679914735E-16));
#1757=DIRECTION('center_axis',(1.22464679914735E-16,2.22044604925031E-16,
1.));
#1758=DIRECTION('ref_axis',(0.,-1.,2.22044604925031E-16));
#1759=DIRECTION('',(0.,1.,-2.22044604925031E-16));
#1760=DIRECTION('',(-1.,2.71926214689378E-32,1.22464679914735E-16));
#1761=DIRECTION('center_axis',(0.,1.,-2.22044604925031E-16));
#1762=DIRECTION('ref_axis',(1.,-2.71926214689378E-32,-1.22464679914735E-16));
#1763=DIRECTION('',(-1.22464679914735E-16,-2.22044604925031E-16,-1.));
#1764=DIRECTION('',(-1.,2.71926214689378E-32,1.22464679914735E-16));
#1765=DIRECTION('center_axis',(-1.22464679914735E-16,-2.22044604925031E-16,
-1.));
#1766=DIRECTION('ref_axis',(0.,1.,-2.22044604925031E-16));
#1767=DIRECTION('',(0.,-1.,2.22044604925031E-16));
#1768=DIRECTION('center_axis',(-1.,2.71926214689378E-32,1.22464679914735E-16));
#1769=DIRECTION('ref_axis',(-1.22464679914735E-16,-2.22044604925031E-16,
-1.));
#1770=DIRECTION('axis',(0.,0.,1.));
#1771=DIRECTION('refdir',(1.,0.,0.));
#1772=DIRECTION('center_axis',(-1.22464679914735E-16,-2.22044604925031E-16,
-1.));
#1773=DIRECTION('ref_axis',(0.,1.,-2.22044604925031E-16));
#1774=DIRECTION('',(-1.,2.71926214689378E-32,1.22464679914735E-16));
#1775=DIRECTION('',(0.,1.,-2.22044604925031E-16));
#1776=DIRECTION('',(-1.,2.71926214689378E-32,1.22464679914735E-16));
#1777=DIRECTION('',(0.,1.,-2.22044604925031E-16));
#1778=DIRECTION('center_axis',(-1.,2.71926214689378E-32,1.22464679914735E-16));
#1779=DIRECTION('ref_axis',(-1.22464679914735E-16,-2.22044604925031E-16,
-1.));
#1780=DIRECTION('',(1.22464679914735E-16,2.22044604925031E-16,1.));
#1781=DIRECTION('',(0.,1.,-2.22044604925031E-16));
#1782=DIRECTION('',(1.22464679914735E-16,2.22044604925031E-16,1.));
#1783=DIRECTION('center_axis',(1.22464679914735E-16,2.22044604925031E-16,
1.));
#1784=DIRECTION('ref_axis',(0.,-1.,2.22044604925031E-16));
#1785=DIRECTION('',(1.,-2.71926214689378E-32,-1.22464679914735E-16));
#1786=DIRECTION('',(0.,1.,-2.22044604925031E-16));
#1787=DIRECTION('',(1.,-2.71926214689378E-32,-1.22464679914735E-16));
#1788=DIRECTION('',(0.,1.,-2.22044604925031E-16));
#1789=DIRECTION('',(1.,-2.71926214689378E-32,-1.22464679914735E-16));
#1790=DIRECTION('',(0.,1.,-2.22044604925031E-16));
#1791=DIRECTION('',(1.,-2.71926214689378E-32,-1.22464679914735E-16));
#1792=DIRECTION('center_axis',(1.,-2.71926214689378E-32,-1.22464679914735E-16));
#1793=DIRECTION('ref_axis',(1.22464679914735E-16,2.22044604925031E-16,1.));
#1794=DIRECTION('',(-1.22464679914735E-16,-2.22044604925031E-16,-1.));
#1795=DIRECTION('',(-1.22464679914735E-16,-2.22044604925031E-16,-1.));
#1796=DIRECTION('center_axis',(0.,1.,-2.22044604925031E-16));
#1797=DIRECTION('ref_axis',(1.,-2.71926214689378E-32,-1.22464679914735E-16));
#1798=DIRECTION('center_axis',(0.,1.,-2.22044604925031E-16));
#1799=DIRECTION('ref_axis',(1.,-2.71926214689378E-32,-1.22464679914735E-16));
#1800=DIRECTION('center_axis',(-1.22464679914735E-16,-2.22044604925031E-16,
-1.));
#1801=DIRECTION('ref_axis',(0.,1.,-2.22044604925031E-16));
#1802=DIRECTION('',(0.,1.,-2.22044604925031E-16));
#1803=DIRECTION('',(-1.,2.71926214689378E-32,1.22464679914735E-16));
#1804=DIRECTION('',(0.,1.,-2.22044604925031E-16));
#1805=DIRECTION('',(-1.,2.71926214689378E-32,1.22464679914735E-16));
#1806=DIRECTION('center_axis',(-1.,2.71926214689378E-32,1.22464679914735E-16));
#1807=DIRECTION('ref_axis',(-1.22464679914735E-16,-2.22044604925031E-16,
-1.));
#1808=DIRECTION('',(1.22464679914735E-16,2.22044604925031E-16,1.));
#1809=DIRECTION('',(1.22464679914735E-16,2.22044604925031E-16,1.));
#1810=DIRECTION('center_axis',(1.,-2.71926214689378E-32,-1.22464679914735E-16));
#1811=DIRECTION('ref_axis',(1.22464679914735E-16,2.22044604925031E-16,1.));
#1812=DIRECTION('',(-1.22464679914735E-16,-2.22044604925031E-16,-1.));
#1813=DIRECTION('',(-1.22464679914735E-16,-2.22044604925031E-16,-1.));
#1814=DIRECTION('center_axis',(0.,1.,-2.22044604925031E-16));
#1815=DIRECTION('ref_axis',(1.,-2.71926214689378E-32,-1.22464679914735E-16));
#1816=DIRECTION('center_axis',(0.,1.,-2.22044604925031E-16));
#1817=DIRECTION('ref_axis',(1.,-2.71926214689378E-32,-1.22464679914735E-16));
#1818=DIRECTION('axis',(0.,0.,1.));
#1819=DIRECTION('refdir',(1.,0.,0.));
#1820=DIRECTION('center_axis',(-1.22464679914735E-16,-2.22044604925031E-16,
-1.));
#1821=DIRECTION('ref_axis',(0.,1.,-2.22044604925031E-16));
#1822=DIRECTION('',(-1.,2.71926214689378E-32,1.22464679914735E-16));
#1823=DIRECTION('',(0.,1.,-2.22044604925031E-16));
#1824=DIRECTION('',(-1.,2.71926214689378E-32,1.22464679914735E-16));
#1825=DIRECTION('',(0.,1.,-2.22044604925031E-16));
#1826=DIRECTION('',(-1.,2.71926214689378E-32,1.22464679914735E-16));
#1827=DIRECTION('',(0.,1.,-2.22044604925031E-16));
#1828=DIRECTION('',(-1.,2.71926214689378E-32,1.22464679914735E-16));
#1829=DIRECTION('',(0.,1.,-2.22044604925031E-16));
#1830=DIRECTION('center_axis',(-1.,2.71926214689378E-32,1.22464679914735E-16));
#1831=DIRECTION('ref_axis',(-1.22464679914735E-16,-2.22044604925031E-16,
-1.));
#1832=DIRECTION('',(1.22464679914735E-16,2.22044604925031E-16,1.));
#1833=DIRECTION('',(0.,1.,-2.22044604925031E-16));
#1834=DIRECTION('',(1.22464679914735E-16,2.22044604925031E-16,1.));
#1835=DIRECTION('center_axis',(1.22464679914735E-16,2.22044604925031E-16,
1.));
#1836=DIRECTION('ref_axis',(0.,-1.,2.22044604925031E-16));
#1837=DIRECTION('',(1.,-2.71926214689378E-32,-1.22464679914735E-16));
#1838=DIRECTION('',(0.,1.,-2.22044604925031E-16));
#1839=DIRECTION('',(1.,-2.71926214689378E-32,-1.22464679914735E-16));
#1840=DIRECTION('center_axis',(1.,-2.71926214689378E-32,-1.22464679914735E-16));
#1841=DIRECTION('ref_axis',(1.22464679914735E-16,2.22044604925031E-16,1.));
#1842=DIRECTION('',(-1.22464679914735E-16,-2.22044604925031E-16,-1.));
#1843=DIRECTION('',(-1.22464679914735E-16,-2.22044604925031E-16,-1.));
#1844=DIRECTION('center_axis',(0.,1.,-2.22044604925031E-16));
#1845=DIRECTION('ref_axis',(1.,-2.71926214689378E-32,-1.22464679914735E-16));
#1846=DIRECTION('center_axis',(0.,1.,-2.22044604925031E-16));
#1847=DIRECTION('ref_axis',(1.,-2.71926214689378E-32,-1.22464679914735E-16));
#1848=DIRECTION('center_axis',(-1.,2.71926214689378E-32,1.22464679914735E-16));
#1849=DIRECTION('ref_axis',(-1.22464679914735E-16,-2.22044604925031E-16,
-1.));
#1850=DIRECTION('',(1.22464679914735E-16,2.22044604925031E-16,1.));
#1851=DIRECTION('',(0.,1.,-2.22044604925031E-16));
#1852=DIRECTION('',(1.22464679914735E-16,2.22044604925031E-16,1.));
#1853=DIRECTION('center_axis',(1.22464679914735E-16,2.22044604925031E-16,
1.));
#1854=DIRECTION('ref_axis',(0.,-1.,2.22044604925031E-16));
#1855=DIRECTION('',(1.,-2.71926214689378E-32,-1.22464679914735E-16));
#1856=DIRECTION('',(0.,1.,-2.22044604925031E-16));
#1857=DIRECTION('',(1.,-2.71926214689378E-32,-1.22464679914735E-16));
#1858=DIRECTION('center_axis',(1.,-2.71926214689378E-32,-1.22464679914735E-16));
#1859=DIRECTION('ref_axis',(1.22464679914735E-16,2.22044604925031E-16,1.));
#1860=DIRECTION('',(-1.22464679914735E-16,-2.22044604925031E-16,-1.));
#1861=DIRECTION('',(-1.22464679914735E-16,-2.22044604925031E-16,-1.));
#1862=DIRECTION('center_axis',(0.,1.,-2.22044604925031E-16));
#1863=DIRECTION('ref_axis',(1.,-2.71926214689378E-32,-1.22464679914735E-16));
#1864=DIRECTION('center_axis',(0.,1.,-2.22044604925031E-16));
#1865=DIRECTION('ref_axis',(1.,-2.71926214689378E-32,-1.22464679914735E-16));
#1866=DIRECTION('axis',(0.,0.,1.));
#1867=DIRECTION('refdir',(1.,0.,0.));
#1868=DIRECTION('center_axis',(-1.22464679914735E-16,-2.22044604925031E-16,
-1.));
#1869=DIRECTION('ref_axis',(0.,1.,-2.22044604925031E-16));
#1870=DIRECTION('',(-1.,2.71926214689378E-32,1.22464679914735E-16));
#1871=DIRECTION('',(0.,1.,-2.22044604925031E-16));
#1872=DIRECTION('',(-1.,2.71926214689378E-32,1.22464679914735E-16));
#1873=DIRECTION('',(0.,1.,-2.22044604925031E-16));
#1874=DIRECTION('center_axis',(-1.,2.71926214689378E-32,1.22464679914735E-16));
#1875=DIRECTION('ref_axis',(-1.22464679914735E-16,-2.22044604925031E-16,
-1.));
#1876=DIRECTION('',(1.22464679914735E-16,2.22044604925031E-16,1.));
#1877=DIRECTION('',(0.,1.,-2.22044604925031E-16));
#1878=DIRECTION('',(1.22464679914735E-16,2.22044604925031E-16,1.));
#1879=DIRECTION('center_axis',(1.22464679914735E-16,2.22044604925031E-16,
1.));
#1880=DIRECTION('ref_axis',(0.,-1.,2.22044604925031E-16));
#1881=DIRECTION('',(1.,-2.71926214689378E-32,-1.22464679914735E-16));
#1882=DIRECTION('',(0.,1.,-2.22044604925031E-16));
#1883=DIRECTION('',(1.,-2.71926214689378E-32,-1.22464679914735E-16));
#1884=DIRECTION('center_axis',(1.,-2.71926214689378E-32,-1.22464679914735E-16));
#1885=DIRECTION('ref_axis',(1.22464679914735E-16,2.22044604925031E-16,1.));
#1886=DIRECTION('',(-1.22464679914735E-16,-2.22044604925031E-16,-1.));
#1887=DIRECTION('',(-1.22464679914735E-16,-2.22044604925031E-16,-1.));
#1888=DIRECTION('center_axis',(0.,1.,-2.22044604925031E-16));
#1889=DIRECTION('ref_axis',(1.,-2.71926214689378E-32,-1.22464679914735E-16));
#1890=DIRECTION('center_axis',(0.,1.,-2.22044604925031E-16));
#1891=DIRECTION('ref_axis',(1.,-2.71926214689378E-32,-1.22464679914735E-16));
#1892=DIRECTION('axis',(0.,0.,1.));
#1893=DIRECTION('refdir',(1.,0.,0.));
#1894=DIRECTION('center_axis',(0.,-1.,2.22044604925031E-16));
#1895=DIRECTION('ref_axis',(-1.,2.71926214689378E-32,1.22464679914735E-16));
#1896=DIRECTION('',(1.22464679914735E-16,2.22044604925031E-16,1.));
#1897=DIRECTION('',(-1.,2.71926214689378E-32,1.22464679914735E-16));
#1898=DIRECTION('',(1.22464679914735E-16,2.22044604925031E-16,1.));
#1899=DIRECTION('',(-1.,2.71926214689378E-32,1.22464679914735E-16));
#1900=DIRECTION('center_axis',(1.22464679914735E-16,2.22044604925031E-16,
1.));
#1901=DIRECTION('ref_axis',(0.,-1.,2.22044604925031E-16));
#1902=DIRECTION('',(0.,1.,-2.22044604925031E-16));
#1903=DIRECTION('',(-1.,2.71926214689378E-32,1.22464679914735E-16));
#1904=DIRECTION('',(0.,1.,-2.22044604925031E-16));
#1905=DIRECTION('center_axis',(0.,1.,-2.22044604925031E-16));
#1906=DIRECTION('ref_axis',(1.,-2.71926214689378E-32,-1.22464679914735E-16));
#1907=DIRECTION('',(-1.22464679914735E-16,-2.22044604925031E-16,-1.));
#1908=DIRECTION('',(-1.,2.71926214689378E-32,1.22464679914735E-16));
#1909=DIRECTION('',(-1.22464679914735E-16,-2.22044604925031E-16,-1.));
#1910=DIRECTION('center_axis',(-1.22464679914735E-16,-2.22044604925031E-16,
-1.));
#1911=DIRECTION('ref_axis',(0.,1.,-2.22044604925031E-16));
#1912=DIRECTION('',(0.,-1.,2.22044604925031E-16));
#1913=DIRECTION('',(0.,-1.,2.22044604925031E-16));
#1914=DIRECTION('center_axis',(1.,-2.71926214689378E-32,-1.22464679914735E-16));
#1915=DIRECTION('ref_axis',(0.,-1.,2.22044604925031E-16));
#1916=DIRECTION('center_axis',(1.,-2.71926214689378E-32,-1.22464679914735E-16));
#1917=DIRECTION('ref_axis',(0.,-1.,2.22044604925031E-16));
#1918=DIRECTION('',(-1.,2.71926214689378E-32,1.22464679914735E-16));
#1919=DIRECTION('center_axis',(1.,-2.71926214689378E-32,-1.22464679914735E-16));
#1920=DIRECTION('ref_axis',(0.,-1.,2.22044604925031E-16));
#1921=DIRECTION('',(-1.,2.71926214689378E-32,1.22464679914735E-16));
#1922=DIRECTION('center_axis',(1.22464679914735E-16,2.22044604925031E-16,
1.));
#1923=DIRECTION('ref_axis',(0.,-1.,2.22044604925031E-16));
#1924=DIRECTION('',(0.,1.,-2.22044604925031E-16));
#1925=DIRECTION('',(-1.,2.71926214689378E-32,1.22464679914735E-16));
#1926=DIRECTION('',(0.,1.,-2.22044604925031E-16));
#1927=DIRECTION('center_axis',(1.,-2.71926214689378E-32,-1.22464679914735E-16));
#1928=DIRECTION('ref_axis',(-1.22464679914735E-16,-2.22044604925031E-16,
-1.));
#1929=DIRECTION('center_axis',(1.,-2.71926214689378E-32,-1.22464679914735E-16));
#1930=DIRECTION('ref_axis',(-1.22464679914735E-16,-2.22044604925031E-16,
-1.));
#1931=DIRECTION('',(-1.,2.71926214689378E-32,1.22464679914735E-16));
#1932=DIRECTION('center_axis',(1.,-2.71926214689378E-32,-1.22464679914735E-16));
#1933=DIRECTION('ref_axis',(-1.22464679914735E-16,-2.22044604925031E-16,
-1.));
#1934=DIRECTION('center_axis',(0.,-1.,2.22044604925031E-16));
#1935=DIRECTION('ref_axis',(-1.,2.71926214689378E-32,1.22464679914735E-16));
#1936=DIRECTION('',(1.22464679914735E-16,2.22044604925031E-16,1.));
#1937=DIRECTION('',(-1.,2.71926214689378E-32,1.22464679914735E-16));
#1938=DIRECTION('',(1.22464679914735E-16,2.22044604925031E-16,1.));
#1939=DIRECTION('center_axis',(1.,-2.71926214689378E-32,-1.22464679914735E-16));
#1940=DIRECTION('ref_axis',(0.,1.,-2.22044604925031E-16));
#1941=DIRECTION('center_axis',(1.,-2.71926214689378E-32,-1.22464679914735E-16));
#1942=DIRECTION('ref_axis',(0.,1.,-2.22044604925031E-16));
#1943=DIRECTION('',(-1.,2.71926214689378E-32,1.22464679914735E-16));
#1944=DIRECTION('center_axis',(1.,-2.71926214689378E-32,-1.22464679914735E-16));
#1945=DIRECTION('ref_axis',(0.,1.,-2.22044604925031E-16));
#1946=DIRECTION('center_axis',(-1.22464679914735E-16,-2.22044604925031E-16,
-1.));
#1947=DIRECTION('ref_axis',(0.,1.,-2.22044604925031E-16));
#1948=DIRECTION('',(0.,-1.,2.22044604925031E-16));
#1949=DIRECTION('',(-1.,2.71926214689378E-32,1.22464679914735E-16));
#1950=DIRECTION('',(0.,-1.,2.22044604925031E-16));
#1951=DIRECTION('center_axis',(1.,-2.71926214689378E-32,-1.22464679914735E-16));
#1952=DIRECTION('ref_axis',(1.22464679914735E-16,2.22044604925031E-16,1.));
#1953=DIRECTION('center_axis',(1.,-2.71926214689378E-32,-1.22464679914735E-16));
#1954=DIRECTION('ref_axis',(1.22464679914735E-16,2.22044604925031E-16,1.));
#1955=DIRECTION('',(-1.,2.71926214689378E-32,1.22464679914735E-16));
#1956=DIRECTION('center_axis',(1.,-2.71926214689378E-32,-1.22464679914735E-16));
#1957=DIRECTION('ref_axis',(1.22464679914735E-16,2.22044604925031E-16,1.));
#1958=DIRECTION('center_axis',(0.,1.,-2.22044604925031E-16));
#1959=DIRECTION('ref_axis',(1.,-2.71926214689378E-32,-1.22464679914735E-16));
#1960=DIRECTION('',(-1.22464679914735E-16,-2.22044604925031E-16,-1.));
#1961=DIRECTION('',(-1.22464679914735E-16,-2.22044604925031E-16,-1.));
#1962=DIRECTION('center_axis',(1.,-2.71926214689378E-32,-1.22464679914735E-16));
#1963=DIRECTION('ref_axis',(0.,-1.,2.22044604925031E-16));
#1964=DIRECTION('center_axis',(1.,-2.71926214689378E-32,-1.22464679914735E-16));
#1965=DIRECTION('ref_axis',(0.,-1.,2.22044604925031E-16));
#1966=DIRECTION('',(-1.,2.71926214689378E-32,1.22464679914735E-16));
#1967=DIRECTION('center_axis',(1.,-2.71926214689378E-32,-1.22464679914735E-16));
#1968=DIRECTION('ref_axis',(0.,-1.,2.22044604925031E-16));
#1969=DIRECTION('',(-1.,2.71926214689378E-32,1.22464679914735E-16));
#1970=DIRECTION('center_axis',(1.22464679914735E-16,2.22044604925031E-16,
1.));
#1971=DIRECTION('ref_axis',(0.,-1.,2.22044604925031E-16));
#1972=DIRECTION('',(0.,1.,-2.22044604925031E-16));
#1973=DIRECTION('',(-1.,2.71926214689378E-32,1.22464679914735E-16));
#1974=DIRECTION('',(0.,1.,-2.22044604925031E-16));
#1975=DIRECTION('center_axis',(1.,-2.71926214689378E-32,-1.22464679914735E-16));
#1976=DIRECTION('ref_axis',(-1.22464679914735E-16,-2.22044604925031E-16,
-1.));
#1977=DIRECTION('center_axis',(1.,-2.71926214689378E-32,-1.22464679914735E-16));
#1978=DIRECTION('ref_axis',(-1.22464679914735E-16,-2.22044604925031E-16,
-1.));
#1979=DIRECTION('',(-1.,2.71926214689378E-32,1.22464679914735E-16));
#1980=DIRECTION('center_axis',(1.,-2.71926214689378E-32,-1.22464679914735E-16));
#1981=DIRECTION('ref_axis',(-1.22464679914735E-16,-2.22044604925031E-16,
-1.));
#1982=DIRECTION('center_axis',(0.,-1.,2.22044604925031E-16));
#1983=DIRECTION('ref_axis',(-1.,2.71926214689378E-32,1.22464679914735E-16));
#1984=DIRECTION('',(1.22464679914735E-16,2.22044604925031E-16,1.));
#1985=DIRECTION('',(-1.,2.71926214689378E-32,1.22464679914735E-16));
#1986=DIRECTION('',(1.22464679914735E-16,2.22044604925031E-16,1.));
#1987=DIRECTION('center_axis',(1.,-2.71926214689378E-32,-1.22464679914735E-16));
#1988=DIRECTION('ref_axis',(0.,1.,-2.22044604925031E-16));
#1989=DIRECTION('center_axis',(1.,-2.71926214689378E-32,-1.22464679914735E-16));
#1990=DIRECTION('ref_axis',(0.,1.,-2.22044604925031E-16));
#1991=DIRECTION('',(-1.,2.71926214689378E-32,1.22464679914735E-16));
#1992=DIRECTION('center_axis',(1.,-2.71926214689378E-32,-1.22464679914735E-16));
#1993=DIRECTION('ref_axis',(0.,1.,-2.22044604925031E-16));
#1994=DIRECTION('center_axis',(-1.22464679914735E-16,-2.22044604925031E-16,
-1.));
#1995=DIRECTION('ref_axis',(0.,1.,-2.22044604925031E-16));
#1996=DIRECTION('',(0.,-1.,2.22044604925031E-16));
#1997=DIRECTION('',(-1.,2.71926214689378E-32,1.22464679914735E-16));
#1998=DIRECTION('',(0.,-1.,2.22044604925031E-16));
#1999=DIRECTION('center_axis',(1.,-2.71926214689378E-32,-1.22464679914735E-16));
#2000=DIRECTION('ref_axis',(1.22464679914735E-16,2.22044604925031E-16,1.));
#2001=DIRECTION('center_axis',(1.,-2.71926214689378E-32,-1.22464679914735E-16));
#2002=DIRECTION('ref_axis',(1.22464679914735E-16,2.22044604925031E-16,1.));
#2003=DIRECTION('',(-1.,2.71926214689378E-32,1.22464679914735E-16));
#2004=DIRECTION('center_axis',(1.,-2.71926214689378E-32,-1.22464679914735E-16));
#2005=DIRECTION('ref_axis',(1.22464679914735E-16,2.22044604925031E-16,1.));
#2006=DIRECTION('center_axis',(0.,1.,-2.22044604925031E-16));
#2007=DIRECTION('ref_axis',(1.,-2.71926214689378E-32,-1.22464679914735E-16));
#2008=DIRECTION('',(-1.22464679914735E-16,-2.22044604925031E-16,-1.));
#2009=DIRECTION('',(-1.22464679914735E-16,-2.22044604925031E-16,-1.));
#2010=DIRECTION('center_axis',(-1.,2.71926214689378E-32,1.22464679914735E-16));
#2011=DIRECTION('ref_axis',(-1.22464679914735E-16,-2.22044604925031E-16,
-1.));
#2012=DIRECTION('center_axis',(-1.,2.71926214689378E-32,1.22464679914735E-16));
#2013=DIRECTION('ref_axis',(-1.22464679914735E-16,-2.22044604925031E-16,
-1.));
#2014=DIRECTION('axis',(0.,0.,1.));
#2015=DIRECTION('refdir',(1.,0.,0.));
#2016=DIRECTION('center_axis',(0.,2.22044604925031E-16,-1.));
#2017=DIRECTION('ref_axis',(0.,-1.,-2.22044604925031E-16));
#2018=DIRECTION('',(1.,0.,0.));
#2019=DIRECTION('',(0.,-1.,-2.22044604925031E-16));
#2020=DIRECTION('',(1.,0.,0.));
#2021=DIRECTION('',(0.,-1.,-2.22044604925031E-16));
#2022=DIRECTION('center_axis',(1.,0.,0.));
#2023=DIRECTION('ref_axis',(0.,2.22044604925031E-16,-1.));
#2024=DIRECTION('',(0.,-2.22044604925031E-16,1.));
#2025=DIRECTION('',(0.,-1.,-2.22044604925031E-16));
#2026=DIRECTION('',(0.,-2.22044604925031E-16,1.));
#2027=DIRECTION('center_axis',(0.,-2.22044604925031E-16,1.));
#2028=DIRECTION('ref_axis',(0.,1.,2.22044604925031E-16));
#2029=DIRECTION('',(-1.,0.,0.));
#2030=DIRECTION('',(0.,-1.,-2.22044604925031E-16));
#2031=DIRECTION('',(-1.,0.,0.));
#2032=DIRECTION('center_axis',(-1.,0.,0.));
#2033=DIRECTION('ref_axis',(0.,-2.22044604925031E-16,1.));
#2034=DIRECTION('',(0.,2.22044604925031E-16,-1.));
#2035=DIRECTION('',(0.,2.22044604925031E-16,-1.));
#2036=DIRECTION('center_axis',(0.,-1.,-2.22044604925031E-16));
#2037=DIRECTION('ref_axis',(-1.,0.,0.));
#2038=DIRECTION('center_axis',(0.,-1.,-2.22044604925031E-16));
#2039=DIRECTION('ref_axis',(-1.,0.,0.));
#2040=DIRECTION('axis',(0.,0.,1.));
#2041=DIRECTION('refdir',(1.,0.,0.));
#2042=DIRECTION('axis',(0.,0.,1.));
#2043=DIRECTION('refdir',(1.,0.,0.));
#2044=DIRECTION('center_axis',(-1.,0.,0.));
#2045=DIRECTION('ref_axis',(0.,0.,1.));
#2046=DIRECTION('',(0.,-1.,0.));
#2047=DIRECTION('',(0.,-2.22044604925031E-16,1.));
#2048=DIRECTION('',(0.,1.,2.22044604925031E-16));
#2049=DIRECTION('',(0.,2.22044604925031E-16,-1.));
#2050=DIRECTION('center_axis',(0.,1.,0.));
#2051=DIRECTION('ref_axis',(0.,0.,1.));
#2052=DIRECTION('',(-1.,0.,0.));
#2053=DIRECTION('',(0.,2.22044604925031E-16,-1.));
#2054=DIRECTION('',(-1.,0.,0.));
#2055=DIRECTION('center_axis',(0.,2.22044604925031E-16,-1.));
#2056=DIRECTION('ref_axis',(0.,-1.,-2.22044604925031E-16));
#2057=DIRECTION('',(0.,-1.,-2.22044604925031E-16));
#2058=DIRECTION('',(1.,0.,0.));
#2059=DIRECTION('center_axis',(1.,0.,0.));
#2060=DIRECTION('ref_axis',(0.,2.22044604925031E-16,-1.));
#2061=DIRECTION('',(0.,-1.,-2.22044604925031E-16));
#2062=DIRECTION('',(0.,-2.22044604925031E-16,1.));
#2063=DIRECTION('center_axis',(0.,-2.22044604925031E-16,1.));
#2064=DIRECTION('ref_axis',(0.,1.,2.22044604925031E-16));
#2065=DIRECTION('',(-1.,0.,0.));
#2066=DIRECTION('center_axis',(0.,-1.,-2.22044604925031E-16));
#2067=DIRECTION('ref_axis',(-1.,0.,0.));
#2068=DIRECTION('axis',(0.,0.,1.));
#2069=DIRECTION('refdir',(1.,0.,0.));
#2070=DIRECTION('axis',(0.,0.,1.));
#2071=DIRECTION('refdir',(1.,0.,0.));
#2072=DIRECTION('center_axis',(-1.,0.,0.));
#2073=DIRECTION('ref_axis',(0.,0.,1.));
#2074=DIRECTION('',(0.,-1.,0.));
#2075=DIRECTION('',(0.,-2.22044604925031E-16,1.));
#2076=DIRECTION('',(0.,1.,2.22044604925031E-16));
#2077=DIRECTION('',(0.,2.22044604925031E-16,-1.));
#2078=DIRECTION('center_axis',(0.,1.,0.));
#2079=DIRECTION('ref_axis',(0.,0.,1.));
#2080=DIRECTION('',(-1.,0.,0.));
#2081=DIRECTION('',(0.,2.22044604925031E-16,-1.));
#2082=DIRECTION('',(-1.,0.,0.));
#2083=DIRECTION('center_axis',(0.,2.22044604925031E-16,-1.));
#2084=DIRECTION('ref_axis',(0.,-1.,-2.22044604925031E-16));
#2085=DIRECTION('',(0.,-1.,-2.22044604925031E-16));
#2086=DIRECTION('',(1.,0.,0.));
#2087=DIRECTION('center_axis',(1.,0.,0.));
#2088=DIRECTION('ref_axis',(0.,2.22044604925031E-16,-1.));
#2089=DIRECTION('',(0.,-1.,-2.22044604925031E-16));
#2090=DIRECTION('',(0.,-2.22044604925031E-16,1.));
#2091=DIRECTION('center_axis',(0.,-2.22044604925031E-16,1.));
#2092=DIRECTION('ref_axis',(0.,1.,2.22044604925031E-16));
#2093=DIRECTION('',(-1.,0.,0.));
#2094=DIRECTION('center_axis',(0.,-1.,-2.22044604925031E-16));
#2095=DIRECTION('ref_axis',(-1.,0.,0.));
#2096=DIRECTION('axis',(0.,0.,1.));
#2097=DIRECTION('refdir',(1.,0.,0.));
#2098=DIRECTION('axis',(0.,0.,1.));
#2099=DIRECTION('refdir',(1.,0.,0.));
#2100=DIRECTION('axis',(0.,0.,1.));
#2101=DIRECTION('refdir',(1.,0.,0.));
#2102=DIRECTION('axis',(0.,0.,1.));
#2103=DIRECTION('refdir',(1.,0.,0.));
#2104=DIRECTION('',(0.,0.,1.));
#2105=DIRECTION('',(1.,0.,0.));
#2106=DIRECTION('',(0.,0.,1.));
#2107=DIRECTION('',(1.,0.,0.));
#2108=DIRECTION('',(0.,0.,1.));
#2109=DIRECTION('',(1.,0.,0.));
#2110=DIRECTION('',(0.,0.,1.));
#2111=DIRECTION('',(1.,0.,0.));
#2112=DIRECTION('',(0.,0.,1.));
#2113=DIRECTION('',(1.,0.,0.));
#2114=DIRECTION('',(0.,0.,1.));
#2115=DIRECTION('',(1.,0.,0.));
#2116=DIRECTION('',(0.,0.,1.));
#2117=DIRECTION('',(1.,0.,0.));
#2118=DIRECTION('',(0.,0.,1.));
#2119=DIRECTION('',(1.,0.,0.));
#2120=DIRECTION('',(0.,0.,1.));
#2121=DIRECTION('',(1.,0.,0.));
#2122=DIRECTION('',(0.,0.,1.));
#2123=DIRECTION('',(1.,0.,0.));
#2124=DIRECTION('',(-1.05250592523738E-15,-8.31495144572965E-17,1.));
#2125=DIRECTION('',(1.,8.32667268468868E-17,1.66533453693774E-16));
#2126=DIRECTION('',(-1.11022302462515E-16,-3.12250225675825E-17,0.999999999999998));
#2127=DIRECTION('',(1.,-6.24500451351651E-17,5.55111512312578E-16));
#2128=DIRECTION('',(6.5864469295821E-16,8.83243361924738E-16,1.00000000000001));
#2129=DIRECTION('',(0.999999999999998,2.49800180540659E-16,4.30211422042246E-16));
#2130=DIRECTION('',(-4.84737382120965E-17,-1.05268901004868E-15,1.));
#2131=DIRECTION('',(1.,-3.88578058618806E-16,-8.55112895307926E-32));
#2132=CARTESIAN_POINT('',(0.,0.,0.));
#2133=CARTESIAN_POINT('',(0.,0.,0.));
#2134=CARTESIAN_POINT('Origin',(71.0005767059308,9.80291765286234,32.9342948387628));
#2135=CARTESIAN_POINT('',(72.2005767059308,2.50291765286234,32.9342948387628));
#2136=CARTESIAN_POINT('',(69.8005767059308,2.50291765286234,32.9342948387628));
#2137=CARTESIAN_POINT('',(72.2005767059308,2.50291765286234,32.9342948387628));
#2138=CARTESIAN_POINT('',(69.8005767059308,17.1029176528623,32.9342948387627));
#2139=CARTESIAN_POINT('',(69.8005767059308,2.50291765286234,32.9342948387628));
#2140=CARTESIAN_POINT('',(72.2005767059308,17.1029176528623,32.9342948387627));
#2141=CARTESIAN_POINT('',(72.2005767059308,17.1029176528623,32.9342948387627));
#2142=CARTESIAN_POINT('',(72.2005767059308,2.50291765286234,32.9342948387628));
#2143=CARTESIAN_POINT('Origin',(69.8005767059308,9.80291765286235,47.9342948387627));
#2144=CARTESIAN_POINT('',(69.8005767059309,2.50291765286235,62.9342948387628));
#2145=CARTESIAN_POINT('',(69.8005767059308,2.50291765286234,32.9342948387628));
#2146=CARTESIAN_POINT('',(69.8005767059309,17.1029176528624,62.9342948387628));
#2147=CARTESIAN_POINT('',(69.8005767059309,2.50291765286235,62.9342948387628));
#2148=CARTESIAN_POINT('',(69.8005767059308,17.1029176528623,32.9342948387627));
#2149=CARTESIAN_POINT('Origin',(71.0005767059309,9.80291765286235,62.9342948387628));
#2150=CARTESIAN_POINT('',(72.2005767059308,2.50291765286235,62.9342948387628));
#2151=CARTESIAN_POINT('',(69.8005767059309,2.50291765286235,62.9342948387628));
#2152=CARTESIAN_POINT('',(72.2005767059308,17.1029176528624,62.9342948387628));
#2153=CARTESIAN_POINT('',(72.2005767059308,2.50291765286235,62.9342948387628));
#2154=CARTESIAN_POINT('',(69.8005767059309,17.1029176528624,62.9342948387628));
#2155=CARTESIAN_POINT('Origin',(72.2005767059308,9.80291765286235,47.9342948387627));
#2156=CARTESIAN_POINT('',(72.2005767059308,2.50291765286235,62.9342948387628));
#2157=CARTESIAN_POINT('',(72.2005767059308,17.1029176528624,62.9342948387628));
#2158=CARTESIAN_POINT('',(72.2005767059308,6.10291765286234,37.9342948387628));
#2159=CARTESIAN_POINT('',(72.2005767059308,6.10291765286234,57.9342948387628));
#2160=CARTESIAN_POINT('',(72.2005767059308,6.10291765286234,37.9342948387628));
#2161=CARTESIAN_POINT('',(72.2005767059308,10.5029176528623,57.9342948387627));
#2162=CARTESIAN_POINT('',(72.2005767059308,6.10291765286234,57.9342948387628));
#2163=CARTESIAN_POINT('',(72.2005767059308,10.5029176528623,37.9342948387627));
#2164=CARTESIAN_POINT('',(72.2005767059308,10.5029176528623,57.9342948387627));
#2165=CARTESIAN_POINT('',(72.2005767059308,10.5029176528623,37.9342948387627));
#2166=CARTESIAN_POINT('Origin',(72.2005767059308,2.50291765286234,30.5342948387628));
#2167=CARTESIAN_POINT('Origin',(72.2005767059308,17.1029176528623,30.5342948387627));
#2168=CARTESIAN_POINT('Origin',(71.9255767059308,6.10291765286235,47.9342948387627));
#2169=CARTESIAN_POINT('',(71.6505767059308,6.10291765286234,37.9342948387628));
#2170=CARTESIAN_POINT('',(72.2005767059308,6.10291765286234,37.9342948387628));
#2171=CARTESIAN_POINT('',(71.6505767059308,6.10291765286234,57.9342948387628));
#2172=CARTESIAN_POINT('',(71.6505767059308,6.10291765286234,37.9342948387628));
#2173=CARTESIAN_POINT('',(72.2005767059308,6.10291765286234,57.9342948387628));
#2174=CARTESIAN_POINT('Origin',(71.9255767059308,8.30291765286234,57.9342948387628));
#2175=CARTESIAN_POINT('',(71.6505767059308,10.5029176528623,57.9342948387627));
#2176=CARTESIAN_POINT('',(71.6505767059308,6.10291765286234,57.9342948387628));
#2177=CARTESIAN_POINT('',(72.2005767059308,10.5029176528623,57.9342948387627));
#2178=CARTESIAN_POINT('Origin',(71.9255767059308,10.5029176528623,47.9342948387627));
#2179=CARTESIAN_POINT('',(71.6505767059308,10.5029176528623,37.9342948387627));
#2180=CARTESIAN_POINT('',(71.6505767059308,10.5029176528623,57.9342948387627));
#2181=CARTESIAN_POINT('',(72.2005767059308,10.5029176528623,37.9342948387627));
#2182=CARTESIAN_POINT('Origin',(71.9255767059308,8.30291765286234,37.9342948387627));
#2183=CARTESIAN_POINT('',(71.6505767059308,10.5029176528623,37.9342948387627));
#2184=CARTESIAN_POINT('Origin',(71.6505767059308,0.50291765286234,30.5342948387628));
#2185=CARTESIAN_POINT('',(0.,0.,0.));
#2186=CARTESIAN_POINT('Origin',(37.8305767059308,9.80291765286235,62.9342948387628));
#2187=CARTESIAN_POINT('',(72.2005767059308,2.50291765286235,62.9342948387628));
#2188=CARTESIAN_POINT('',(3.46057670593084,2.50291765286235,62.9342948387628));
#2189=CARTESIAN_POINT('',(72.2005767059308,2.50291765286235,62.9342948387628));
#2190=CARTESIAN_POINT('',(3.46057670593084,17.1029176528624,62.9342948387628));
#2191=CARTESIAN_POINT('',(3.46057670593084,2.50291765286235,62.9342948387628));
#2192=CARTESIAN_POINT('',(72.2005767059308,17.1029176528624,62.9342948387628));
#2193=CARTESIAN_POINT('',(72.2005767059308,17.1029176528624,62.9342948387628));
#2194=CARTESIAN_POINT('',(72.2005767059308,2.50291765286235,62.9342948387628));
#2195=CARTESIAN_POINT('Origin',(3.46057670593084,9.80291765286235,64.1342948387628));
#2196=CARTESIAN_POINT('',(3.46057670593084,2.50291765286235,65.3342948387628));
#2197=CARTESIAN_POINT('',(3.46057670593084,2.50291765286235,62.9342948387628));
#2198=CARTESIAN_POINT('',(3.46057670593084,17.1029176528624,65.3342948387628));
#2199=CARTESIAN_POINT('',(3.46057670593084,2.50291765286235,65.3342948387628));
#2200=CARTESIAN_POINT('',(3.46057670593084,17.1029176528624,62.9342948387628));
#2201=CARTESIAN_POINT('Origin',(37.8305767059308,9.80291765286235,65.3342948387628));
#2202=CARTESIAN_POINT('',(72.2005767059308,2.50291765286235,65.3342948387628));
#2203=CARTESIAN_POINT('',(3.46057670593084,2.50291765286235,65.3342948387628));
#2204=CARTESIAN_POINT('',(72.2005767059308,17.1029176528624,65.3342948387627));
#2205=CARTESIAN_POINT('',(72.2005767059308,2.50291765286235,65.3342948387628));
#2206=CARTESIAN_POINT('',(3.46057670593084,17.1029176528624,65.3342948387628));
#2207=CARTESIAN_POINT('',(11.4605767059308,5.30291765286235,65.3342948387628));
#2208=CARTESIAN_POINT('',(11.4605767059308,11.1029176528623,65.3342948387628));
#2209=CARTESIAN_POINT('',(11.4605767059308,5.30291765286235,65.3342948387628));
#2210=CARTESIAN_POINT('',(64.2005767059308,11.1029176528623,65.3342948387627));
#2211=CARTESIAN_POINT('',(11.4605767059308,11.1029176528623,65.3342948387628));
#2212=CARTESIAN_POINT('',(64.2005767059308,5.30291765286235,65.3342948387628));
#2213=CARTESIAN_POINT('',(64.2005767059308,5.30291765286235,65.3342948387628));
#2214=CARTESIAN_POINT('',(11.4605767059308,5.30291765286235,65.3342948387628));
#2215=CARTESIAN_POINT('Origin',(72.2005767059308,9.80291765286235,64.1342948387627));
#2216=CARTESIAN_POINT('',(72.2005767059308,2.50291765286235,65.3342948387628));
#2217=CARTESIAN_POINT('',(72.2005767059308,17.1029176528624,65.3342948387627));
#2218=CARTESIAN_POINT('Origin',(72.2005767059308,2.50291765286234,30.5342948387628));
#2219=CARTESIAN_POINT('Origin',(72.2005767059308,17.1029176528623,30.5342948387627));
#2220=CARTESIAN_POINT('Origin',(37.8305767059308,8.20291765286235,64.7842948387628));
#2221=CARTESIAN_POINT('',(64.2005767059308,5.30291765286235,64.7842948387628));
#2222=CARTESIAN_POINT('',(64.2005767059308,11.1029176528623,64.7842948387627));
#2223=CARTESIAN_POINT('',(64.2005767059308,5.30291765286235,64.7842948387628));
#2224=CARTESIAN_POINT('',(11.4605767059308,11.1029176528623,64.7842948387628));
#2225=CARTESIAN_POINT('',(64.2005767059308,11.1029176528623,64.7842948387627));
#2226=CARTESIAN_POINT('',(11.4605767059308,5.30291765286235,64.7842948387628));
#2227=CARTESIAN_POINT('',(11.4605767059308,5.30291765286235,64.7842948387628));
#2228=CARTESIAN_POINT('',(64.2005767059308,5.30291765286235,64.7842948387628));
#2229=CARTESIAN_POINT('Origin',(11.4605767059308,8.20291765286235,65.0592948387628));
#2230=CARTESIAN_POINT('',(11.4605767059308,11.1029176528623,64.7842948387628));
#2231=CARTESIAN_POINT('',(11.4605767059308,5.30291765286235,64.7842948387628));
#2232=CARTESIAN_POINT('Origin',(64.2005767059308,8.20291765286235,65.0592948387628));
#2233=CARTESIAN_POINT('',(64.2005767059308,11.1029176528623,65.3342948387627));
#2234=CARTESIAN_POINT('',(64.2005767059308,5.30291765286235,65.3342948387628));
#2235=CARTESIAN_POINT('Origin',(72.2005767059308,5.30291765286234,30.5342948387628));
#2236=CARTESIAN_POINT('Origin',(72.2005767059308,11.1029176528623,30.5342948387627));
#2237=CARTESIAN_POINT('',(0.,0.,0.));
#2238=CARTESIAN_POINT('Origin',(37.8305767059308,9.80291765286234,30.5342948387628));
#2239=CARTESIAN_POINT('',(72.2005767059308,2.50291765286234,30.5342948387628));
#2240=CARTESIAN_POINT('',(3.46057670593084,2.50291765286234,30.5342948387628));
#2241=CARTESIAN_POINT('',(72.2005767059308,2.50291765286234,30.5342948387628));
#2242=CARTESIAN_POINT('',(3.46057670593084,17.1029176528623,30.5342948387628));
#2243=CARTESIAN_POINT('',(3.46057670593084,2.50291765286234,30.5342948387628));
#2244=CARTESIAN_POINT('',(72.2005767059308,17.1029176528623,30.5342948387627));
#2245=CARTESIAN_POINT('',(72.2005767059308,17.1029176528623,30.5342948387627));
#2246=CARTESIAN_POINT('',(72.2005767059308,2.50291765286234,30.5342948387628));
#2247=CARTESIAN_POINT('',(64.2005767059308,5.30291765286234,30.5342948387628));
#2248=CARTESIAN_POINT('',(11.4605767059308,5.30291765286234,30.5342948387628));
#2249=CARTESIAN_POINT('',(64.2005767059308,5.30291765286234,30.5342948387628));
#2250=CARTESIAN_POINT('',(64.2005767059308,11.1029176528623,30.5342948387628));
#2251=CARTESIAN_POINT('',(64.2005767059308,5.30291765286234,30.5342948387628));
#2252=CARTESIAN_POINT('',(11.4605767059308,11.1029176528623,30.5342948387628));
#2253=CARTESIAN_POINT('',(64.2005767059308,11.1029176528623,30.5342948387628));
#2254=CARTESIAN_POINT('',(11.4605767059308,5.30291765286234,30.5342948387628));
#2255=CARTESIAN_POINT('Origin',(3.46057670593084,9.80291765286234,31.7342948387628));
#2256=CARTESIAN_POINT('',(3.46057670593084,2.50291765286234,32.9342948387628));
#2257=CARTESIAN_POINT('',(3.46057670593084,2.50291765286234,30.5342948387628));
#2258=CARTESIAN_POINT('',(3.46057670593084,17.1029176528623,32.9342948387628));
#2259=CARTESIAN_POINT('',(3.46057670593084,2.50291765286234,32.9342948387628));
#2260=CARTESIAN_POINT('',(3.46057670593084,17.1029176528623,30.5342948387628));
#2261=CARTESIAN_POINT('Origin',(37.8305767059308,9.80291765286234,32.9342948387628));
#2262=CARTESIAN_POINT('',(72.2005767059308,2.50291765286234,32.9342948387628));
#2263=CARTESIAN_POINT('',(3.46057670593084,2.50291765286234,32.9342948387628));
#2264=CARTESIAN_POINT('',(72.2005767059308,17.1029176528623,32.9342948387627));
#2265=CARTESIAN_POINT('',(72.2005767059308,2.50291765286234,32.9342948387628));
#2266=CARTESIAN_POINT('',(3.46057670593084,17.1029176528623,32.9342948387628));
#2267=CARTESIAN_POINT('Origin',(72.2005767059308,9.80291765286234,31.7342948387627));
#2268=CARTESIAN_POINT('',(72.2005767059308,2.50291765286234,32.9342948387628));
#2269=CARTESIAN_POINT('',(72.2005767059308,17.1029176528623,32.9342948387627));
#2270=CARTESIAN_POINT('Origin',(72.2005767059308,2.50291765286234,30.5342948387628));
#2271=CARTESIAN_POINT('Origin',(72.2005767059308,17.1029176528623,30.5342948387627));
#2272=CARTESIAN_POINT('Origin',(11.4605767059308,8.20291765286234,30.8092948387628));
#2273=CARTESIAN_POINT('',(11.4605767059308,11.1029176528623,31.0842948387628));
#2274=CARTESIAN_POINT('',(11.4605767059308,11.1029176528623,30.5342948387628));
#2275=CARTESIAN_POINT('',(11.4605767059308,5.30291765286234,31.0842948387628));
#2276=CARTESIAN_POINT('',(11.4605767059308,5.30291765286234,31.0842948387628));
#2277=CARTESIAN_POINT('',(11.4605767059308,5.30291765286234,30.5342948387628));
#2278=CARTESIAN_POINT('Origin',(37.8305767059308,8.20291765286234,31.0842948387628));
#2279=CARTESIAN_POINT('',(64.2005767059308,11.1029176528623,31.0842948387628));
#2280=CARTESIAN_POINT('',(11.4605767059308,11.1029176528623,31.0842948387628));
#2281=CARTESIAN_POINT('',(64.2005767059308,5.30291765286234,31.0842948387628));
#2282=CARTESIAN_POINT('',(64.2005767059308,5.30291765286234,31.0842948387628));
#2283=CARTESIAN_POINT('',(11.4605767059308,5.30291765286234,31.0842948387628));
#2284=CARTESIAN_POINT('Origin',(64.2005767059308,8.20291765286234,30.8092948387628));
#2285=CARTESIAN_POINT('',(64.2005767059308,11.1029176528623,31.0842948387628));
#2286=CARTESIAN_POINT('',(64.2005767059308,5.30291765286234,31.0842948387628));
#2287=CARTESIAN_POINT('Origin',(72.2005767059308,5.30291765286234,30.5342948387628));
#2288=CARTESIAN_POINT('Origin',(72.2005767059308,11.1029176528623,30.5342948387627));
#2289=CARTESIAN_POINT('',(0.,0.,0.));
#2290=CARTESIAN_POINT('Origin',(37.8305767059308,1.50291765286234,30.5342948387628));
#2291=CARTESIAN_POINT('',(72.2005767059308,0.50291765286234,30.5342948387628));
#2292=CARTESIAN_POINT('',(3.46057670593084,0.50291765286234,30.5342948387628));
#2293=CARTESIAN_POINT('',(72.2005767059308,0.50291765286234,30.5342948387628));
#2294=CARTESIAN_POINT('',(3.46057670593084,2.50291765286234,30.5342948387628));
#2295=CARTESIAN_POINT('',(3.46057670593084,0.50291765286234,30.5342948387628));
#2296=CARTESIAN_POINT('',(72.2005767059308,2.50291765286234,30.5342948387628));
#2297=CARTESIAN_POINT('',(72.2005767059308,2.50291765286234,30.5342948387628));
#2298=CARTESIAN_POINT('',(72.2005767059308,0.50291765286234,30.5342948387628));
#2299=CARTESIAN_POINT('Origin',(3.46057670593084,1.50291765286235,47.9342948387628));
#2300=CARTESIAN_POINT('',(3.46057670593084,0.502917652862349,65.3342948387628));
#2301=CARTESIAN_POINT('',(3.46057670593084,0.50291765286234,30.5342948387628));
#2302=CARTESIAN_POINT('',(3.46057670593084,2.50291765286235,65.3342948387628));
#2303=CARTESIAN_POINT('',(3.46057670593084,0.502917652862349,65.3342948387628));
#2304=CARTESIAN_POINT('',(3.46057670593084,2.50291765286234,30.5342948387628));
#2305=CARTESIAN_POINT('Origin',(37.8305767059308,1.50291765286235,65.3342948387628));
#2306=CARTESIAN_POINT('',(72.2005767059308,0.502917652862349,65.3342948387628));
#2307=CARTESIAN_POINT('',(3.46057670593084,0.502917652862349,65.3342948387628));
#2308=CARTESIAN_POINT('',(72.2005767059308,2.50291765286235,65.3342948387628));
#2309=CARTESIAN_POINT('',(72.2005767059308,0.502917652862349,65.3342948387628));
#2310=CARTESIAN_POINT('',(3.46057670593084,2.50291765286235,65.3342948387628));
#2311=CARTESIAN_POINT('Origin',(72.2005767059308,1.50291765286235,47.9342948387628));
#2312=CARTESIAN_POINT('',(72.2005767059308,0.502917652862349,65.3342948387628));
#2313=CARTESIAN_POINT('',(72.2005767059308,2.50291765286235,65.3342948387628));
#2314=CARTESIAN_POINT('Origin',(72.2005767059308,0.50291765286234,30.5342948387628));
#2315=CARTESIAN_POINT('Origin',(72.2005767059308,2.50291765286234,30.5342948387628));
#2316=CARTESIAN_POINT('',(0.,0.,0.));
#2317=CARTESIAN_POINT('Origin',(4.66057670593083,2.50291765286235,47.9342948387628));
#2318=CARTESIAN_POINT('',(5.86057670593084,2.50291765286234,32.9342948387628));
#2319=CARTESIAN_POINT('',(5.86057670593084,2.50291765286235,62.9342948387628));
#2320=CARTESIAN_POINT('',(5.86057670593084,2.50291765286234,32.9342948387628));
#2321=CARTESIAN_POINT('',(3.46057670593084,2.50291765286235,62.9342948387628));
#2322=CARTESIAN_POINT('',(5.86057670593084,2.50291765286235,62.9342948387628));
#2323=CARTESIAN_POINT('',(3.46057670593084,2.50291765286234,32.9342948387628));
#2324=CARTESIAN_POINT('',(3.46057670593084,2.50291765286234,32.9342948387628));
#2325=CARTESIAN_POINT('',(5.86057670593084,2.50291765286234,32.9342948387628));
#2326=CARTESIAN_POINT('Origin',(4.66057670593083,9.80291765286235,62.9342948387628));
#2327=CARTESIAN_POINT('',(5.86057670593084,17.1029176528624,62.9342948387628));
#2328=CARTESIAN_POINT('',(5.86057670593084,2.50291765286235,62.9342948387628));
#2329=CARTESIAN_POINT('',(3.46057670593084,17.1029176528624,62.9342948387628));
#2330=CARTESIAN_POINT('',(5.86057670593084,17.1029176528624,62.9342948387628));
#2331=CARTESIAN_POINT('',(3.46057670593084,2.50291765286235,62.9342948387628));
#2332=CARTESIAN_POINT('Origin',(4.66057670593083,17.1029176528623,47.9342948387628));
#2333=CARTESIAN_POINT('',(5.86057670593084,17.1029176528623,32.9342948387628));
#2334=CARTESIAN_POINT('',(5.86057670593084,17.1029176528624,62.9342948387628));
#2335=CARTESIAN_POINT('',(3.46057670593084,17.1029176528623,32.9342948387628));
#2336=CARTESIAN_POINT('',(5.86057670593084,17.1029176528623,32.9342948387628));
#2337=CARTESIAN_POINT('',(3.46057670593084,17.1029176528624,62.9342948387628));
#2338=CARTESIAN_POINT('Origin',(4.66057670593083,9.80291765286234,32.9342948387628));
#2339=CARTESIAN_POINT('',(5.86057670593084,17.1029176528623,32.9342948387628));
#2340=CARTESIAN_POINT('',(3.46057670593084,17.1029176528623,32.9342948387628));
#2341=CARTESIAN_POINT('Origin',(4.66057670593083,7.30291765286234,38.2342948387628));
#2342=CARTESIAN_POINT('',(5.86057670593084,6.20291765286234,38.2342948387628));
#2343=CARTESIAN_POINT('',(5.86057670593084,7.30291765286234,37.1342948387628));
#2344=CARTESIAN_POINT('Origin',(5.86057670593084,7.30291765286234,38.2342948387628));
#2345=CARTESIAN_POINT('',(3.46057670593084,7.30291765286234,37.1342948387628));
#2346=CARTESIAN_POINT('',(5.86057670593084,7.30291765286234,37.1342948387628));
#2347=CARTESIAN_POINT('',(3.46057670593084,6.20291765286234,38.2342948387628));
#2348=CARTESIAN_POINT('Origin',(3.46057670593084,7.30291765286234,38.2342948387628));
#2349=CARTESIAN_POINT('',(5.86057670593084,6.20291765286234,38.2342948387628));
#2350=CARTESIAN_POINT('Origin',(4.66057670593083,8.30291765286234,37.1342948387628));
#2351=CARTESIAN_POINT('',(5.86057670593084,9.30291765286234,37.1342948387628));
#2352=CARTESIAN_POINT('',(5.86057670593084,7.30291765286234,37.1342948387628));
#2353=CARTESIAN_POINT('',(3.46057670593084,9.30291765286234,37.1342948387628));
#2354=CARTESIAN_POINT('',(5.86057670593084,9.30291765286234,37.1342948387628));
#2355=CARTESIAN_POINT('',(3.46057670593084,7.30291765286234,37.1342948387628));
#2356=CARTESIAN_POINT('Origin',(4.66057670593083,9.30291765286234,38.2342948387628));
#2357=CARTESIAN_POINT('',(5.86057670593084,10.4029176528623,38.2342948387628));
#2358=CARTESIAN_POINT('Origin',(5.86057670593084,9.30291765286234,38.2342948387628));
#2359=CARTESIAN_POINT('',(3.46057670593084,10.4029176528623,38.2342948387628));
#2360=CARTESIAN_POINT('',(5.86057670593084,10.4029176528623,38.2342948387628));
#2361=CARTESIAN_POINT('Origin',(3.46057670593084,9.30291765286234,38.2342948387628));
#2362=CARTESIAN_POINT('Origin',(4.66057670593083,10.4029176528623,42.0342948387628));
#2363=CARTESIAN_POINT('',(5.86057670593084,10.4029176528623,45.8342948387628));
#2364=CARTESIAN_POINT('',(5.86057670593084,10.4029176528623,38.2342948387628));
#2365=CARTESIAN_POINT('',(3.46057670593084,10.4029176528623,45.8342948387628));
#2366=CARTESIAN_POINT('',(5.86057670593084,10.4029176528623,45.8342948387628));
#2367=CARTESIAN_POINT('',(3.46057670593084,10.4029176528623,38.2342948387628));
#2368=CARTESIAN_POINT('Origin',(4.66057670593083,9.30291765286235,45.8342948387628));
#2369=CARTESIAN_POINT('',(5.86057670593084,9.30291765286235,46.9342948387628));
#2370=CARTESIAN_POINT('Origin',(5.86057670593084,9.30291765286235,45.8342948387628));
#2371=CARTESIAN_POINT('',(3.46057670593084,9.30291765286235,46.9342948387628));
#2372=CARTESIAN_POINT('',(5.86057670593084,9.30291765286235,46.9342948387628));
#2373=CARTESIAN_POINT('Origin',(3.46057670593084,9.30291765286235,45.8342948387628));
#2374=CARTESIAN_POINT('Origin',(4.66057670593083,8.30291765286235,46.9342948387628));
#2375=CARTESIAN_POINT('',(5.86057670593084,7.30291765286235,46.9342948387628));
#2376=CARTESIAN_POINT('',(5.86057670593084,9.30291765286235,46.9342948387628));
#2377=CARTESIAN_POINT('',(3.46057670593084,7.30291765286235,46.9342948387628));
#2378=CARTESIAN_POINT('',(5.86057670593084,7.30291765286235,46.9342948387628));
#2379=CARTESIAN_POINT('',(3.46057670593084,9.30291765286235,46.9342948387628));
#2380=CARTESIAN_POINT('Origin',(4.66057670593083,7.30291765286235,45.8342948387628));
#2381=CARTESIAN_POINT('',(5.86057670593084,6.20291765286235,45.8342948387628));
#2382=CARTESIAN_POINT('Origin',(5.86057670593084,7.30291765286235,45.8342948387628));
#2383=CARTESIAN_POINT('',(3.46057670593084,6.20291765286235,45.8342948387628));
#2384=CARTESIAN_POINT('',(5.86057670593084,6.20291765286235,45.8342948387628));
#2385=CARTESIAN_POINT('Origin',(3.46057670593084,7.30291765286235,45.8342948387628));
#2386=CARTESIAN_POINT('Origin',(4.66057670593083,6.20291765286234,42.0342948387628));
#2387=CARTESIAN_POINT('',(5.86057670593084,6.20291765286235,45.8342948387628));
#2388=CARTESIAN_POINT('',(3.46057670593084,6.20291765286235,45.8342948387628));
#2389=CARTESIAN_POINT('Origin',(4.66057670593083,7.30291765286235,50.0342948387628));
#2390=CARTESIAN_POINT('',(5.86057670593084,6.20291765286235,50.0342948387628));
#2391=CARTESIAN_POINT('',(5.86057670593084,7.30291765286235,48.9342948387628));
#2392=CARTESIAN_POINT('Origin',(5.86057670593084,7.30291765286235,50.0342948387628));
#2393=CARTESIAN_POINT('',(3.46057670593084,7.30291765286235,48.9342948387628));
#2394=CARTESIAN_POINT('',(5.86057670593084,7.30291765286235,48.9342948387628));
#2395=CARTESIAN_POINT('',(3.46057670593084,6.20291765286235,50.0342948387628));
#2396=CARTESIAN_POINT('Origin',(3.46057670593084,7.30291765286235,50.0342948387628));
#2397=CARTESIAN_POINT('',(5.86057670593084,6.20291765286235,50.0342948387628));
#2398=CARTESIAN_POINT('Origin',(4.66057670593083,8.30291765286235,48.9342948387628));
#2399=CARTESIAN_POINT('',(5.86057670593084,9.30291765286234,48.9342948387628));
#2400=CARTESIAN_POINT('',(5.86057670593084,7.30291765286235,48.9342948387628));
#2401=CARTESIAN_POINT('',(3.46057670593084,9.30291765286234,48.9342948387628));
#2402=CARTESIAN_POINT('',(5.86057670593084,9.30291765286234,48.9342948387628));
#2403=CARTESIAN_POINT('',(3.46057670593084,7.30291765286235,48.9342948387628));
#2404=CARTESIAN_POINT('Origin',(4.66057670593083,9.30291765286234,50.0342948387628));
#2405=CARTESIAN_POINT('',(5.86057670593084,10.4029176528623,50.0342948387628));
#2406=CARTESIAN_POINT('Origin',(5.86057670593084,9.30291765286234,50.0342948387628));
#2407=CARTESIAN_POINT('',(3.46057670593084,10.4029176528623,50.0342948387628));
#2408=CARTESIAN_POINT('',(5.86057670593084,10.4029176528623,50.0342948387628));
#2409=CARTESIAN_POINT('Origin',(3.46057670593084,9.30291765286234,50.0342948387628));
#2410=CARTESIAN_POINT('Origin',(4.66057670593083,10.4029176528623,53.8342948387628));
#2411=CARTESIAN_POINT('',(5.86057670593084,10.4029176528623,57.6342948387628));
#2412=CARTESIAN_POINT('',(5.86057670593084,10.4029176528623,50.0342948387628));
#2413=CARTESIAN_POINT('',(3.46057670593084,10.4029176528623,57.6342948387628));
#2414=CARTESIAN_POINT('',(5.86057670593084,10.4029176528623,57.6342948387628));
#2415=CARTESIAN_POINT('',(3.46057670593084,10.4029176528623,50.0342948387628));
#2416=CARTESIAN_POINT('Origin',(4.66057670593083,9.30291765286234,57.6342948387628));
#2417=CARTESIAN_POINT('',(5.86057670593084,9.30291765286235,58.7342948387628));
#2418=CARTESIAN_POINT('Origin',(5.86057670593084,9.30291765286234,57.6342948387628));
#2419=CARTESIAN_POINT('',(3.46057670593084,9.30291765286235,58.7342948387628));
#2420=CARTESIAN_POINT('',(5.86057670593084,9.30291765286235,58.7342948387628));
#2421=CARTESIAN_POINT('Origin',(3.46057670593084,9.30291765286234,57.6342948387628));
#2422=CARTESIAN_POINT('Origin',(4.66057670593083,8.30291765286234,58.7342948387628));
#2423=CARTESIAN_POINT('',(5.86057670593084,7.30291765286235,58.7342948387628));
#2424=CARTESIAN_POINT('',(5.86057670593084,9.30291765286235,58.7342948387628));
#2425=CARTESIAN_POINT('',(3.46057670593084,7.30291765286235,58.7342948387628));
#2426=CARTESIAN_POINT('',(5.86057670593084,7.30291765286235,58.7342948387628));
#2427=CARTESIAN_POINT('',(3.46057670593084,9.30291765286235,58.7342948387628));
#2428=CARTESIAN_POINT('Origin',(4.66057670593083,7.30291765286234,57.6342948387628));
#2429=CARTESIAN_POINT('',(5.86057670593084,6.20291765286234,57.6342948387628));
#2430=CARTESIAN_POINT('Origin',(5.86057670593084,7.30291765286234,57.6342948387628));
#2431=CARTESIAN_POINT('',(3.46057670593084,6.20291765286234,57.6342948387628));
#2432=CARTESIAN_POINT('',(5.86057670593084,6.20291765286234,57.6342948387628));
#2433=CARTESIAN_POINT('Origin',(3.46057670593084,7.30291765286234,57.6342948387628));
#2434=CARTESIAN_POINT('Origin',(4.66057670593083,6.20291765286234,53.8342948387628));
#2435=CARTESIAN_POINT('',(5.86057670593084,6.20291765286234,57.6342948387628));
#2436=CARTESIAN_POINT('',(3.46057670593084,6.20291765286234,57.6342948387628));
#2437=CARTESIAN_POINT('Origin',(5.86057670593084,0.50291765286234,30.5342948387628));
#2438=CARTESIAN_POINT('Origin',(3.46057670593084,0.50291765286234,30.5342948387628));
#2439=CARTESIAN_POINT('',(0.,0.,0.));
#2440=CARTESIAN_POINT('Origin',(34.37,0.305,77.045));
#2441=CARTESIAN_POINT('',(0.1,1.305,77.045));
#2442=CARTESIAN_POINT('',(68.64,1.305,77.045));
#2443=CARTESIAN_POINT('',(0.1,1.305,77.045));
#2444=CARTESIAN_POINT('',(68.64,-0.695000000000001,77.045));
#2445=CARTESIAN_POINT('',(68.64,1.305,77.045));
#2446=CARTESIAN_POINT('',(0.1,-0.695000000000001,77.045));
#2447=CARTESIAN_POINT('',(0.1,-0.695000000000001,77.045));
#2448=CARTESIAN_POINT('',(0.1,1.305,77.045));
#2449=CARTESIAN_POINT('Origin',(68.64,0.304999999999995,94.345));
#2450=CARTESIAN_POINT('',(68.64,1.30499999999999,111.645));
#2451=CARTESIAN_POINT('',(68.64,1.305,77.045));
#2452=CARTESIAN_POINT('',(68.64,-0.69500000000001,111.645));
#2453=CARTESIAN_POINT('',(68.64,1.30499999999999,111.645));
#2454=CARTESIAN_POINT('',(68.64,-0.695000000000001,77.045));
#2455=CARTESIAN_POINT('Origin',(34.37,0.304999999999991,111.645));
#2456=CARTESIAN_POINT('',(0.1,1.30499999999999,111.645));
#2457=CARTESIAN_POINT('',(68.64,1.30499999999999,111.645));
#2458=CARTESIAN_POINT('',(0.1,-0.69500000000001,111.645));
#2459=CARTESIAN_POINT('',(0.1,1.30499999999999,111.645));
#2460=CARTESIAN_POINT('',(68.64,-0.69500000000001,111.645));
#2461=CARTESIAN_POINT('Origin',(0.1,0.304999999999995,94.345));
#2462=CARTESIAN_POINT('',(0.1,1.30499999999999,111.645));
#2463=CARTESIAN_POINT('',(0.1,-0.69500000000001,111.645));
#2464=CARTESIAN_POINT('Origin',(0.,1.305,76.945));
#2465=CARTESIAN_POINT('Origin',(0.,-0.695000000000001,76.945));
#2466=CARTESIAN_POINT('',(0.,0.,0.));
#2467=CARTESIAN_POINT('',(0.,0.,0.));
#2468=CARTESIAN_POINT('Origin',(11.24,2.48,80.075));
#2469=CARTESIAN_POINT('',(11.24,8.855,79.425));
#2470=CARTESIAN_POINT('',(11.24,1.105,79.425));
#2471=CARTESIAN_POINT('',(11.24,3.855,79.425));
#2472=CARTESIAN_POINT('',(11.24,1.105,80.725));
#2473=CARTESIAN_POINT('',(11.24,1.105,80.725));
#2474=CARTESIAN_POINT('',(11.24,8.855,80.725));
#2475=CARTESIAN_POINT('',(11.24,3.855,80.725));
#2476=CARTESIAN_POINT('',(11.24,8.855,80.725));
#2477=CARTESIAN_POINT('Origin',(0.,8.855,76.945));
#2478=CARTESIAN_POINT('',(57.24,8.855,80.725));
#2479=CARTESIAN_POINT('',(47.24,8.855,80.725));
#2480=CARTESIAN_POINT('',(57.24,8.855,79.425));
#2481=CARTESIAN_POINT('',(57.24,8.855,79.425));
#2482=CARTESIAN_POINT('',(47.24,8.855,79.425));
#2483=CARTESIAN_POINT('Origin',(52.24,2.48,79.425));
#2484=CARTESIAN_POINT('',(57.24,1.105,79.425));
#2485=CARTESIAN_POINT('',(57.24,3.855,79.425));
#2486=CARTESIAN_POINT('',(47.24,1.105,79.425));
#2487=CARTESIAN_POINT('Origin',(57.24,2.48,80.075));
#2488=CARTESIAN_POINT('',(57.24,1.105,80.725));
#2489=CARTESIAN_POINT('',(57.24,3.855,80.725));
#2490=CARTESIAN_POINT('',(57.24,1.105,79.425));
#2491=CARTESIAN_POINT('Origin',(52.24,2.48,80.725));
#2492=CARTESIAN_POINT('',(57.24,1.105,80.725));
#2493=CARTESIAN_POINT('Origin',(0.,1.105,76.945));
#2494=CARTESIAN_POINT('',(0.,0.,0.));
#2495=CARTESIAN_POINT('',(0.,0.,0.));
#2496=CARTESIAN_POINT('Origin',(11.24,2.47999999999999,108.615));
#2497=CARTESIAN_POINT('',(11.24,8.855,107.965));
#2498=CARTESIAN_POINT('',(11.24,1.10499999999999,107.965));
#2499=CARTESIAN_POINT('',(11.24,3.855,107.965));
#2500=CARTESIAN_POINT('',(11.24,1.10499999999999,109.265));
#2501=CARTESIAN_POINT('',(11.24,1.10499999999999,109.265));
#2502=CARTESIAN_POINT('',(11.24,8.855,109.265));
#2503=CARTESIAN_POINT('',(11.24,3.85499999999999,109.265));
#2504=CARTESIAN_POINT('',(11.24,8.855,109.265));
#2505=CARTESIAN_POINT('Origin',(0.,8.855,76.945));
#2506=CARTESIAN_POINT('',(57.24,8.855,109.265));
#2507=CARTESIAN_POINT('',(47.24,8.855,109.265));
#2508=CARTESIAN_POINT('',(57.24,8.855,107.965));
#2509=CARTESIAN_POINT('',(57.24,8.855,107.965));
#2510=CARTESIAN_POINT('',(47.24,8.855,107.965));
#2511=CARTESIAN_POINT('Origin',(52.24,2.47999999999999,107.965));
#2512=CARTESIAN_POINT('',(57.24,1.10499999999999,107.965));
#2513=CARTESIAN_POINT('',(57.24,3.85499999999999,107.965));
#2514=CARTESIAN_POINT('',(47.24,1.10499999999999,107.965));
#2515=CARTESIAN_POINT('Origin',(57.24,2.47999999999999,108.615));
#2516=CARTESIAN_POINT('',(57.24,1.10499999999999,109.265));
#2517=CARTESIAN_POINT('',(57.24,3.85499999999999,109.265));
#2518=CARTESIAN_POINT('',(57.24,1.10499999999999,107.965));
#2519=CARTESIAN_POINT('Origin',(52.24,2.47999999999999,109.265));
#2520=CARTESIAN_POINT('',(57.24,1.10499999999999,109.265));
#2521=CARTESIAN_POINT('Origin',(0.,1.105,76.945));
#2522=CARTESIAN_POINT('',(0.,0.,0.));
#2523=CARTESIAN_POINT('',(0.,0.,0.));
#2524=CARTESIAN_POINT('',(0.,0.,0.));
#2525=CARTESIAN_POINT('',(0.,0.,0.));
#2526=CARTESIAN_POINT('',(0.,0.,0.));
#2527=CARTESIAN_POINT('',(0.,0.,0.));
#2528=CARTESIAN_POINT('',(0.,0.,0.));
#2529=CARTESIAN_POINT('',(0.,0.,0.));
#2530=CARTESIAN_POINT('',(0.,0.,0.));
#2531=CARTESIAN_POINT('',(0.,0.,0.));
#2532=CARTESIAN_POINT('',(0.,0.,0.));
#2533=CARTESIAN_POINT('',(0.,0.,0.));
#2534=CARTESIAN_POINT('',(0.,0.,0.));
#2535=CARTESIAN_POINT('',(0.,0.,0.));
#2536=CARTESIAN_POINT('',(2.54290373703017,-3.62176511161622,24.5145469358935));
#2537=CARTESIAN_POINT('',(8.09238316640397,-8.42052606373135,-40.7785279876995));
#2538=CARTESIAN_POINT('',(6.61146657280183,-4.97965942723454,-30.2664137717391));
#2539=CARTESIAN_POINT('',(4.78996091125406,-4.33211834312788,-24.2542578152516));
#2540=UNCERTAINTY_MEASURE_WITH_UNIT(LENGTH_MEASURE(0.01),#2572,
'DISTANCE_ACCURACY_VALUE',
'Maximum model space distance between geometric entities at asserted c
onnectivities');
#2541=UNCERTAINTY_MEASURE_WITH_UNIT(LENGTH_MEASURE(0.01),#2572,
'DISTANCE_ACCURACY_VALUE',
'Maximum model space distance between geometric entities at asserted c
onnectivities');
#2542=UNCERTAINTY_MEASURE_WITH_UNIT(LENGTH_MEASURE(0.01),#2572,
'DISTANCE_ACCURACY_VALUE',
'Maximum model space distance between geometric entities at asserted c
onnectivities');
#2543=UNCERTAINTY_MEASURE_WITH_UNIT(LENGTH_MEASURE(0.01),#2572,
'DISTANCE_ACCURACY_VALUE',
'Maximum model space distance between geometric entities at asserted c
onnectivities');
#2544=UNCERTAINTY_MEASURE_WITH_UNIT(LENGTH_MEASURE(0.01),#2572,
'DISTANCE_ACCURACY_VALUE',
'Maximum model space distance between geometric entities at asserted c
onnectivities');
#2545=UNCERTAINTY_MEASURE_WITH_UNIT(LENGTH_MEASURE(0.01),#2572,
'DISTANCE_ACCURACY_VALUE',
'Maximum model space distance between geometric entities at asserted c
onnectivities');
#2546=UNCERTAINTY_MEASURE_WITH_UNIT(LENGTH_MEASURE(0.01),#2572,
'DISTANCE_ACCURACY_VALUE',
'Maximum model space distance between geometric entities at asserted c
onnectivities');
#2547=UNCERTAINTY_MEASURE_WITH_UNIT(LENGTH_MEASURE(0.01),#2572,
'DISTANCE_ACCURACY_VALUE',
'Maximum model space distance between geometric entities at asserted c
onnectivities');
#2548=UNCERTAINTY_MEASURE_WITH_UNIT(LENGTH_MEASURE(0.01),#2572,
'DISTANCE_ACCURACY_VALUE',
'Maximum model space distance between geometric entities at asserted c
onnectivities');
#2549=UNCERTAINTY_MEASURE_WITH_UNIT(LENGTH_MEASURE(0.01),#2572,
'DISTANCE_ACCURACY_VALUE',
'Maximum model space distance between geometric entities at asserted c
onnectivities');
#2550=UNCERTAINTY_MEASURE_WITH_UNIT(LENGTH_MEASURE(0.01),#2572,
'DISTANCE_ACCURACY_VALUE',
'Maximum model space distance between geometric entities at asserted c
onnectivities');
#2551=UNCERTAINTY_MEASURE_WITH_UNIT(LENGTH_MEASURE(0.01),#2572,
'DISTANCE_ACCURACY_VALUE',
'Maximum model space distance between geometric entities at asserted c
onnectivities');
#2552=UNCERTAINTY_MEASURE_WITH_UNIT(LENGTH_MEASURE(0.01),#2572,
'DISTANCE_ACCURACY_VALUE',
'Maximum model space distance between geometric entities at asserted c
onnectivities');
#2553=UNCERTAINTY_MEASURE_WITH_UNIT(LENGTH_MEASURE(0.01),#2572,
'DISTANCE_ACCURACY_VALUE',
'Maximum model space distance between geometric entities at asserted c
onnectivities');
#2554=UNCERTAINTY_MEASURE_WITH_UNIT(LENGTH_MEASURE(0.01),#2572,
'DISTANCE_ACCURACY_VALUE',
'Maximum model space distance between geometric entities at asserted c
onnectivities');
#2555=UNCERTAINTY_MEASURE_WITH_UNIT(LENGTH_MEASURE(0.01),#2572,
'DISTANCE_ACCURACY_VALUE',
'Maximum model space distance between geometric entities at asserted c
onnectivities');
#2556=(
GEOMETRIC_REPRESENTATION_CONTEXT(3)
GLOBAL_UNCERTAINTY_ASSIGNED_CONTEXT((#2540))
GLOBAL_UNIT_ASSIGNED_CONTEXT((#2572,#2574,#2575))
REPRESENTATION_CONTEXT('','3D')
);
#2557=(
GEOMETRIC_REPRESENTATION_CONTEXT(3)
GLOBAL_UNCERTAINTY_ASSIGNED_CONTEXT((#2541))
GLOBAL_UNIT_ASSIGNED_CONTEXT((#2572,#2574,#2575))
REPRESENTATION_CONTEXT('','3D')
);
#2558=(
GEOMETRIC_REPRESENTATION_CONTEXT(3)
GLOBAL_UNCERTAINTY_ASSIGNED_CONTEXT((#2542))
GLOBAL_UNIT_ASSIGNED_CONTEXT((#2572,#2574,#2575))
REPRESENTATION_CONTEXT('','3D')
);
#2559=(
GEOMETRIC_REPRESENTATION_CONTEXT(3)
GLOBAL_UNCERTAINTY_ASSIGNED_CONTEXT((#2543))
GLOBAL_UNIT_ASSIGNED_CONTEXT((#2572,#2574,#2575))
REPRESENTATION_CONTEXT('','3D')
);
#2560=(
GEOMETRIC_REPRESENTATION_CONTEXT(3)
GLOBAL_UNCERTAINTY_ASSIGNED_CONTEXT((#2544))
GLOBAL_UNIT_ASSIGNED_CONTEXT((#2572,#2574,#2575))
REPRESENTATION_CONTEXT('','3D')
);
#2561=(
GEOMETRIC_REPRESENTATION_CONTEXT(3)
GLOBAL_UNCERTAINTY_ASSIGNED_CONTEXT((#2545))
GLOBAL_UNIT_ASSIGNED_CONTEXT((#2572,#2574,#2575))
REPRESENTATION_CONTEXT('','3D')
);
#2562=(
GEOMETRIC_REPRESENTATION_CONTEXT(3)
GLOBAL_UNCERTAINTY_ASSIGNED_CONTEXT((#2546))
GLOBAL_UNIT_ASSIGNED_CONTEXT((#2572,#2574,#2575))
REPRESENTATION_CONTEXT('','3D')
);
#2563=(
GEOMETRIC_REPRESENTATION_CONTEXT(3)
GLOBAL_UNCERTAINTY_ASSIGNED_CONTEXT((#2547))
GLOBAL_UNIT_ASSIGNED_CONTEXT((#2572,#2574,#2575))
REPRESENTATION_CONTEXT('','3D')
);
#2564=(
GEOMETRIC_REPRESENTATION_CONTEXT(3)
GLOBAL_UNCERTAINTY_ASSIGNED_CONTEXT((#2548))
GLOBAL_UNIT_ASSIGNED_CONTEXT((#2572,#2574,#2575))
REPRESENTATION_CONTEXT('','3D')
);
#2565=(
GEOMETRIC_REPRESENTATION_CONTEXT(3)
GLOBAL_UNCERTAINTY_ASSIGNED_CONTEXT((#2549))
GLOBAL_UNIT_ASSIGNED_CONTEXT((#2572,#2574,#2575))
REPRESENTATION_CONTEXT('','3D')
);
#2566=(
GEOMETRIC_REPRESENTATION_CONTEXT(3)
GLOBAL_UNCERTAINTY_ASSIGNED_CONTEXT((#2550))
GLOBAL_UNIT_ASSIGNED_CONTEXT((#2572,#2574,#2575))
REPRESENTATION_CONTEXT('','3D')
);
#2567=(
GEOMETRIC_REPRESENTATION_CONTEXT(3)
GLOBAL_UNCERTAINTY_ASSIGNED_CONTEXT((#2551))
GLOBAL_UNIT_ASSIGNED_CONTEXT((#2572,#2574,#2575))
REPRESENTATION_CONTEXT('','3D')
);
#2568=(
GEOMETRIC_REPRESENTATION_CONTEXT(3)
GLOBAL_UNCERTAINTY_ASSIGNED_CONTEXT((#2552))
GLOBAL_UNIT_ASSIGNED_CONTEXT((#2572,#2574,#2575))
REPRESENTATION_CONTEXT('','3D')
);
#2569=(
GEOMETRIC_REPRESENTATION_CONTEXT(3)
GLOBAL_UNCERTAINTY_ASSIGNED_CONTEXT((#2553))
GLOBAL_UNIT_ASSIGNED_CONTEXT((#2572,#2574,#2575))
REPRESENTATION_CONTEXT('','3D')
);
#2570=(
GEOMETRIC_REPRESENTATION_CONTEXT(3)
GLOBAL_UNCERTAINTY_ASSIGNED_CONTEXT((#2554))
GLOBAL_UNIT_ASSIGNED_CONTEXT((#2572,#2574,#2575))
REPRESENTATION_CONTEXT('','3D')
);
#2571=(
GEOMETRIC_REPRESENTATION_CONTEXT(3)
GLOBAL_UNCERTAINTY_ASSIGNED_CONTEXT((#2555))
GLOBAL_UNIT_ASSIGNED_CONTEXT((#2572,#2574,#2575))
REPRESENTATION_CONTEXT('','3D')
);
#2572=(
LENGTH_UNIT()
NAMED_UNIT(*)
SI_UNIT(.MILLI.,.METRE.)
);
#2573=(
LENGTH_UNIT()
NAMED_UNIT(*)
SI_UNIT($,.METRE.)
);
#2574=(
NAMED_UNIT(*)
PLANE_ANGLE_UNIT()
SI_UNIT($,.RADIAN.)
);
#2575=(
NAMED_UNIT(*)
SI_UNIT($,.STERADIAN.)
SOLID_ANGLE_UNIT()
);
#2576=SHAPE_DEFINITION_REPRESENTATION(#2591,#2620);
#2577=SHAPE_DEFINITION_REPRESENTATION(#2592,#2621);
#2578=SHAPE_DEFINITION_REPRESENTATION(#2593,#2622);
#2579=SHAPE_DEFINITION_REPRESENTATION(#2594,#2623);
#2580=SHAPE_DEFINITION_REPRESENTATION(#2595,#2624);
#2581=SHAPE_DEFINITION_REPRESENTATION(#2596,#2625);
#2582=SHAPE_DEFINITION_REPRESENTATION(#2597,#2626);
#2583=SHAPE_DEFINITION_REPRESENTATION(#2598,#2627);
#2584=SHAPE_DEFINITION_REPRESENTATION(#2599,#2628);
#2585=SHAPE_DEFINITION_REPRESENTATION(#2600,#2629);
#2586=SHAPE_DEFINITION_REPRESENTATION(#2601,#2630);
#2587=SHAPE_DEFINITION_REPRESENTATION(#2602,#2631);
#2588=SHAPE_DEFINITION_REPRESENTATION(#2603,#2632);
#2589=SHAPE_DEFINITION_REPRESENTATION(#2604,#2633);
#2590=SHAPE_DEFINITION_REPRESENTATION(#2605,#2634);
#2591=PRODUCT_DEFINITION_SHAPE('',$,#2636);
#2592=PRODUCT_DEFINITION_SHAPE('',$,#2637);
#2593=PRODUCT_DEFINITION_SHAPE('',$,#2638);
#2594=PRODUCT_DEFINITION_SHAPE('',$,#2639);
#2595=PRODUCT_DEFINITION_SHAPE('',$,#2640);
#2596=PRODUCT_DEFINITION_SHAPE('',$,#2641);
#2597=PRODUCT_DEFINITION_SHAPE('',$,#2642);
#2598=PRODUCT_DEFINITION_SHAPE('',$,#2643);
#2599=PRODUCT_DEFINITION_SHAPE('',$,#2644);
#2600=PRODUCT_DEFINITION_SHAPE('',$,#2645);
#2601=PRODUCT_DEFINITION_SHAPE('',$,#2646);
#2602=PRODUCT_DEFINITION_SHAPE('',$,#2647);
#2603=PRODUCT_DEFINITION_SHAPE('',$,#2648);
#2604=PRODUCT_DEFINITION_SHAPE('',$,#2649);
#2605=PRODUCT_DEFINITION_SHAPE('',$,#2650);
#2606=PRODUCT_DEFINITION_SHAPE($,$,#53);
#2607=PRODUCT_DEFINITION_SHAPE($,$,#54);
#2608=PRODUCT_DEFINITION_SHAPE($,$,#55);
#2609=PRODUCT_DEFINITION_SHAPE($,$,#56);
#2610=PRODUCT_DEFINITION_SHAPE($,$,#57);
#2611=PRODUCT_DEFINITION_SHAPE($,$,#58);
#2612=PRODUCT_DEFINITION_SHAPE($,$,#59);
#2613=PRODUCT_DEFINITION_SHAPE($,$,#60);
#2614=PRODUCT_DEFINITION_SHAPE($,$,#61);
#2615=PRODUCT_DEFINITION_SHAPE($,$,#62);
#2616=PRODUCT_DEFINITION_SHAPE($,$,#63);
#2617=PRODUCT_DEFINITION_SHAPE($,$,#64);
#2618=PRODUCT_DEFINITION_SHAPE($,$,#65);
#2619=PRODUCT_DEFINITION_SHAPE($,$,#66);
#2620=SHAPE_REPRESENTATION('',(#1596,#1706,#1707,#1708,#1709,#1710,#1711,
#1712,#1713,#1714,#1715,#1716,#1717,#1718,#1719),#2556);
#2621=SHAPE_REPRESENTATION('',(#1597),#2557);
#2622=SHAPE_REPRESENTATION('',(#1609),#2558);
#2623=SHAPE_REPRESENTATION('',(#1621),#2559);
#2624=SHAPE_REPRESENTATION('',(#1633),#2560);
#2625=SHAPE_REPRESENTATION('',(#1640),#2561);
#2626=SHAPE_REPRESENTATION('',(#1679),#2562);
#2627=SHAPE_REPRESENTATION('',(#1686),#2563);
#2628=SHAPE_REPRESENTATION('',(#1687),#2564);
#2629=SHAPE_REPRESENTATION('',(#1694),#2565);
#2630=SHAPE_REPRESENTATION('',(#1695),#2566);
#2631=SHAPE_REPRESENTATION('',(#1702),#2567);
#2632=SHAPE_REPRESENTATION('',(#1703),#2568);
#2633=SHAPE_REPRESENTATION('',(#1704),#2569);
#2634=SHAPE_REPRESENTATION('',(#1705),#2570);
#2635=PRODUCT_DEFINITION_CONTEXT('part definition',#2682,'design');
#2636=PRODUCT_DEFINITION('2026-08-17-17-56-01-561','(Unsaved)',#2651,#2635);
#2637=PRODUCT_DEFINITION('UNIDENTIFIED_PRODUCT','UNIDENTIFIED_PRODUCT',
#2652,#2635);
#2638=PRODUCT_DEFINITION('UNIDENTIFIED_PRODUCT_1',
'UNIDENTIFIED_PRODUCT (1)',#2653,#2635);
#2639=PRODUCT_DEFINITION('UNIDENTIFIED_PRODUCT_2',
'UNIDENTIFIED_PRODUCT (2)',#2654,#2635);
#2640=PRODUCT_DEFINITION('UNIDENTIFIED_PRODUCT_3',
'UNIDENTIFIED_PRODUCT (3)',#2655,#2635);
#2641=PRODUCT_DEFINITION('UNIDENTIFIED_PRODUCT_4',
'UNIDENTIFIED_PRODUCT (4)',#2656,#2635);
#2642=PRODUCT_DEFINITION('UNIDENTIFIED_PRODUCT_5',
'UNIDENTIFIED_PRODUCT (5)',#2657,#2635);
#2643=PRODUCT_DEFINITION('UNIDENTIFIED_PRODUCT_6',
'UNIDENTIFIED_PRODUCT (6)',#2658,#2635);
#2644=PRODUCT_DEFINITION('UNIDENTIFIED_PRODUCT_7',
'UNIDENTIFIED_PRODUCT (7)',#2659,#2635);
#2645=PRODUCT_DEFINITION('UNIDENTIFIED_PRODUCT_8',
'UNIDENTIFIED_PRODUCT (8)',#2660,#2635);
#2646=PRODUCT_DEFINITION('UNIDENTIFIED_PRODUCT_9',
'UNIDENTIFIED_PRODUCT (9)',#2661,#2635);
#2647=PRODUCT_DEFINITION('UNIDENTIFIED_PRODUCT_10',
'UNIDENTIFIED_PRODUCT (10)',#2662,#2635);
#2648=PRODUCT_DEFINITION('UNIDENTIFIED_PRODUCT_11',
'UNIDENTIFIED_PRODUCT (11)',#2663,#2635);
#2649=PRODUCT_DEFINITION('UNIDENTIFIED_PRODUCT_12',
'UNIDENTIFIED_PRODUCT (12)',#2664,#2635);
#2650=PRODUCT_DEFINITION('UNIDENTIFIED_PRODUCT_13',
'UNIDENTIFIED_PRODUCT (13)',#2665,#2635);
#2651=PRODUCT_DEFINITION_FORMATION('',$,#2684);
#2652=PRODUCT_DEFINITION_FORMATION('',$,#2685);
#2653=PRODUCT_DEFINITION_FORMATION('',$,#2686);
#2654=PRODUCT_DEFINITION_FORMATION('',$,#2687);
#2655=PRODUCT_DEFINITION_FORMATION('',$,#2688);
#2656=PRODUCT_DEFINITION_FORMATION('',$,#2689);
#2657=PRODUCT_DEFINITION_FORMATION('',$,#2690);
#2658=PRODUCT_DEFINITION_FORMATION('',$,#2691);
#2659=PRODUCT_DEFINITION_FORMATION('',$,#2692);
#2660=PRODUCT_DEFINITION_FORMATION('',$,#2693);
#2661=PRODUCT_DEFINITION_FORMATION('',$,#2694);
#2662=PRODUCT_DEFINITION_FORMATION('',$,#2695);
#2663=PRODUCT_DEFINITION_FORMATION('',$,#2696);
#2664=PRODUCT_DEFINITION_FORMATION('',$,#2697);
#2665=PRODUCT_DEFINITION_FORMATION('',$,#2698);
#2666=PRODUCT_RELATED_PRODUCT_CATEGORY('(Unsaved)','(Unsaved)',(#2684));
#2667=PRODUCT_RELATED_PRODUCT_CATEGORY('UNIDENTIFIED_PRODUCT',
'UNIDENTIFIED_PRODUCT',(#2685));
#2668=PRODUCT_RELATED_PRODUCT_CATEGORY('UNIDENTIFIED_PRODUCT (1)',
'UNIDENTIFIED_PRODUCT (1)',(#2686));
#2669=PRODUCT_RELATED_PRODUCT_CATEGORY('UNIDENTIFIED_PRODUCT (2)',
'UNIDENTIFIED_PRODUCT (2)',(#2687));
#2670=PRODUCT_RELATED_PRODUCT_CATEGORY('UNIDENTIFIED_PRODUCT (3)',
'UNIDENTIFIED_PRODUCT (3)',(#2688));
#2671=PRODUCT_RELATED_PRODUCT_CATEGORY('UNIDENTIFIED_PRODUCT (4)',
'UNIDENTIFIED_PRODUCT (4)',(#2689));
#2672=PRODUCT_RELATED_PRODUCT_CATEGORY('UNIDENTIFIED_PRODUCT (5)',
'UNIDENTIFIED_PRODUCT (5)',(#2690));
#2673=PRODUCT_RELATED_PRODUCT_CATEGORY('UNIDENTIFIED_PRODUCT (6)',
'UNIDENTIFIED_PRODUCT (6)',(#2691));
#2674=PRODUCT_RELATED_PRODUCT_CATEGORY('UNIDENTIFIED_PRODUCT (7)',
'UNIDENTIFIED_PRODUCT (7)',(#2692));
#2675=PRODUCT_RELATED_PRODUCT_CATEGORY('UNIDENTIFIED_PRODUCT (8)',
'UNIDENTIFIED_PRODUCT (8)',(#2693));
#2676=PRODUCT_RELATED_PRODUCT_CATEGORY('UNIDENTIFIED_PRODUCT (9)',
'UNIDENTIFIED_PRODUCT (9)',(#2694));
#2677=PRODUCT_RELATED_PRODUCT_CATEGORY('UNIDENTIFIED_PRODUCT (10)',
'UNIDENTIFIED_PRODUCT (10)',(#2695));
#2678=PRODUCT_RELATED_PRODUCT_CATEGORY('UNIDENTIFIED_PRODUCT (11)',
'UNIDENTIFIED_PRODUCT (11)',(#2696));
#2679=PRODUCT_RELATED_PRODUCT_CATEGORY('UNIDENTIFIED_PRODUCT (12)',
'UNIDENTIFIED_PRODUCT (12)',(#2697));
#2680=PRODUCT_RELATED_PRODUCT_CATEGORY('UNIDENTIFIED_PRODUCT (13)',
'UNIDENTIFIED_PRODUCT (13)',(#2698));
#2681=APPLICATION_PROTOCOL_DEFINITION('international standard',
'automotive_design',2009,#2682);
#2682=APPLICATION_CONTEXT(
'Core Data for Automotive Mechanical Design Process');
#2683=PRODUCT_CONTEXT('part definition',#2682,'mechanical');
#2684=PRODUCT('2026-08-17-17-56-01-561','(Unsaved)','zoo.dev export',(#2683));
#2685=PRODUCT('UNIDENTIFIED_PRODUCT','UNIDENTIFIED_PRODUCT',$,(#2683));
#2686=PRODUCT('UNIDENTIFIED_PRODUCT_1','UNIDENTIFIED_PRODUCT (1)',$,(#2683));
#2687=PRODUCT('UNIDENTIFIED_PRODUCT_2','UNIDENTIFIED_PRODUCT (2)',$,(#2683));
#2688=PRODUCT('UNIDENTIFIED_PRODUCT_3','UNIDENTIFIED_PRODUCT (3)',$,(#2683));
#2689=PRODUCT('UNIDENTIFIED_PRODUCT_4','UNIDENTIFIED_PRODUCT (4)',$,(#2683));
#2690=PRODUCT('UNIDENTIFIED_PRODUCT_5','UNIDENTIFIED_PRODUCT (5)',$,(#2683));
#2691=PRODUCT('UNIDENTIFIED_PRODUCT_6','UNIDENTIFIED_PRODUCT (6)',$,(#2683));
#2692=PRODUCT('UNIDENTIFIED_PRODUCT_7','UNIDENTIFIED_PRODUCT (7)',$,(#2683));
#2693=PRODUCT('UNIDENTIFIED_PRODUCT_8','UNIDENTIFIED_PRODUCT (8)',$,(#2683));
#2694=PRODUCT('UNIDENTIFIED_PRODUCT_9','UNIDENTIFIED_PRODUCT (9)',$,(#2683));
#2695=PRODUCT('UNIDENTIFIED_PRODUCT_10','UNIDENTIFIED_PRODUCT (10)',$,(#2683));
#2696=PRODUCT('UNIDENTIFIED_PRODUCT_11','UNIDENTIFIED_PRODUCT (11)',$,(#2683));
#2697=PRODUCT('UNIDENTIFIED_PRODUCT_12','UNIDENTIFIED_PRODUCT (12)',$,(#2683));
#2698=PRODUCT('UNIDENTIFIED_PRODUCT_13','UNIDENTIFIED_PRODUCT (13)',$,(#2683));
#2699=PRESENTATION_STYLE_ASSIGNMENT((#2702));
#2700=PRESENTATION_STYLE_ASSIGNMENT((#2703));
#2701=PRESENTATION_STYLE_ASSIGNMENT((#2704));
#2702=SURFACE_STYLE_USAGE(.BOTH.,#2705);
#2703=SURFACE_STYLE_USAGE(.BOTH.,#2706);
#2704=SURFACE_STYLE_USAGE(.BOTH.,#2707);
#2705=SURFACE_SIDE_STYLE('',(#2708));
#2706=SURFACE_SIDE_STYLE('',(#2709));
#2707=SURFACE_SIDE_STYLE('',(#2710));
#2708=SURFACE_STYLE_FILL_AREA(#2711);
#2709=SURFACE_STYLE_FILL_AREA(#2712);
#2710=SURFACE_STYLE_FILL_AREA(#2713);
#2711=FILL_AREA_STYLE('Steel - Satin',(#2714));
#2712=FILL_AREA_STYLE('Opaque(95,102,112)',(#2715));
#2713=FILL_AREA_STYLE('Opaque(231,235,239)',(#2716));
#2714=FILL_AREA_STYLE_COLOUR('Steel - Satin',#2717);
#2715=FILL_AREA_STYLE_COLOUR('Opaque(95,102,112)',#2718);
#2716=FILL_AREA_STYLE_COLOUR('Opaque(231,235,239)',#2719);
#2717=COLOUR_RGB('Steel - Satin',0.627450980392157,0.627450980392157,0.627450980392157);
#2718=COLOUR_RGB('Opaque(95,102,112)',0.372549019607843,0.4,0.43921568627451);
#2719=COLOUR_RGB('Opaque(231,235,239)',0.905882352941176,0.92156862745098,
0.937254901960784);
ENDSEC;
END-ISO-10303-21;
